time,dangjin_floating,dangjin_warehouse,dangjin,ulsan
2021-02-01 01:00:00,-4.723832031621491,-5.773877785105938,13.862653532052942,1.5770063648659431
2021-02-01 02:00:00,7.9457121791684,-2.215118939082927,14.782020358698889,-0.1483029050309367
2021-02-01 03:00:00,3.558885020363065,-4.362499520949365,14.479083132246108,-0.6976763448075788
2021-02-01 04:00:00,5.850662297997021,-5.725231470270249,12.40954368607218,-2.724466609483462
2021-02-01 05:00:00,-4.54358997333904,-5.112569435618535,12.40954368607218,-4.5731760665402685
2021-02-01 06:00:00,-4.54358997333904,-5.07138250929185,11.496876504263662,-4.046187180150975
2021-02-01 07:00:00,-8.509079347544361,-8.192036224042326,1.3695185945807478,-0.36275237619060846
2021-02-01 08:00:00,2.216240186485818,-2.192840819756334,4.504640039430925,11.128581046803259
2021-02-01 09:00:00,45.84294988241937,27.213347211122258,58.43457009114586,25.717311253854614
2021-02-01 10:00:00,73.14571446942684,43.35103302854755,79.93795763130707,27.52425762971834
2021-02-01 11:00:00,121.47732784585624,56.51282322656055,145.25405630459375,34.46465197189322
2021-02-01 12:00:00,160.21170250861888,68.1958469961052,175.6761725912445,64.0766765922174
2021-02-01 13:00:00,207.12228353596933,111.32669348822199,216.5685094705947,66.20075474612827
2021-02-01 14:00:00,283.2669529474757,196.50715622341468,334.3914952105593,114.15834570847603
2021-02-01 15:00:00,252.47316343062562,209.4018395614827,361.2874516652296,111.95745330337019
2021-02-01 16:00:00,239.51647485551266,202.00382012832344,335.3895312622777,100.67658152850005
2021-02-01 17:00:00,118.21301183371256,97.5250886804517,169.21527936198532,53.28129898362109
2021-02-01 18:00:00,23.043502517350767,18.97599149976181,42.54757252706064,19.080038052465593
2021-02-01 19:00:00,3.5025863640361834,0.8549855949481729,15.212707840522954,3.5733809049391847
2021-02-01 20:00:00,-2.5465651142909898,0.19598055002598064,7.882444110118863,0.012145257681806907
2021-02-01 21:00:00,-3.7526126241438655,4.6990597406163035,7.7155326771918835,0.012145257681806907
2021-02-01 22:00:00,9.29579843926998,16.97121374982094,29.775715487695688,-0.7495655417629513
2021-02-01 23:00:00,3.763478608222461,18.59912050057924,28.876437508239846,3.2806859703600297
2021-02-01 24:00:00,0.42577901830646775,18.59912050057924,28.357107078399892,4.966942157695678
2021-02-02 01:00:00,26.687144297576893,30.051553057990514,53.6038508082603,13.662818951931591
2021-02-02 02:00:00,26.144448031681222,30.051553057990514,53.6038508082603,16.156345858107734
2021-02-02 03:00:00,26.144448031681222,30.051553057990514,53.6038508082603,15.4990544683678
2021-02-02 04:00:00,26.13201430747599,30.051553057990514,52.69646494313222,12.930645672896238
2021-02-02 05:00:00,26.476656033103275,30.051553057990514,52.69646494313222,5.938784526799574
2021-02-02 06:00:00,27.05097437227706,30.051553057990514,52.69646494313222,5.746477067416097
2021-02-02 07:00:00,33.47029007821854,41.009793567124106,59.68002072568238,12.828024447507229
2021-02-02 08:00:00,38.8811545855836,40.97973298919952,61.21467833815953,19.591021351142512
2021-02-02 09:00:00,96.64688962643312,59.27011058395205,113.65006097296677,63.360568958435316
2021-02-02 10:00:00,232.89151943818462,143.78960942616277,283.4823105310323,177.94947545556374
2021-02-02 11:00:00,426.8986102911771,264.24010425711595,495.11027751309626,270.0293771737673
2021-02-02 12:00:00,553.2012902044146,334.00579022192943,642.4443691629406,328.7056837373528
2021-02-02 13:00:00,574.4290810643859,360.42823138312355,668.4810934633308,335.3795694563696
2021-02-02 14:00:00,490.0418187566909,350.35793185446033,590.0220357589507,331.50791299663274
2021-02-02 15:00:00,410.6782763130549,309.62173318047286,490.53947869854306,288.4407957316502
2021-02-02 16:00:00,268.2033495110159,231.00431047874517,304.1339890266088,214.0691242188561
2021-02-02 17:00:00,128.64173104801262,125.43500996215319,175.38759297196424,102.1362949391354
2021-02-02 18:00:00,38.65433939163835,40.593403100386546,65.90603006869247,35.052025390970314
2021-02-02 19:00:00,13.917287739392592,15.06454230246081,29.194399426007244,19.231633665352664
2021-02-02 20:00:00,0.7018272982429025,11.45989234487408,20.757509523424638,12.01774379979034
2021-02-02 21:00:00,0.9975895683245569,7.365787506914548,15.46432039352545,11.135161377806503
2021-02-02 22:00:00,-4.315214458909083,6.112731424411519,11.907430761572574,11.135161377806503
2021-02-02 23:00:00,-4.0337462254659044,12.701652934903644,11.398560844895037,8.742973418590854
2021-02-02 24:00:00,0.9620804692797124,15.140039002153623,25.611695416726597,3.6316651230342085
2021-02-03 01:00:00,21.52200691509015,32.43138831314383,47.827913558557356,0.7826819145860258
2021-02-03 02:00:00,20.60196828125412,27.83103888223043,47.88435407064757,0.6709296865909684
2021-02-03 03:00:00,23.460088954569322,29.13412432333712,49.636118228482836,2.046154532095938
2021-02-03 04:00:00,22.71519999174187,29.199573696710516,52.11418907958717,0.20843633078830004
2021-02-03 05:00:00,25.674028681018655,20.842013081237532,44.11129594301311,1.7391033800689792
2021-02-03 06:00:00,27.487677162693238,22.133275352053335,44.39623348951679,0.5850490397521482
2021-02-03 07:00:00,32.73237234608546,24.551278002185285,45.9308813905577,6.532395170768781
2021-02-03 08:00:00,35.512705880103454,23.720477543601636,50.37025410694655,16.93462323633301
2021-02-03 09:00:00,72.55068277047359,28.7881715156253,85.6680654370651,62.39775537793742
2021-02-03 10:00:00,169.72399775161253,110.84313200414454,197.1159243303254,177.94947545556374
2021-02-03 11:00:00,286.4269269219837,215.51519824629997,354.627154851705,271.8632033459042
2021-02-03 12:00:00,343.30527997059517,263.20910412888037,409.1600439921261,333.3871977647113
2021-02-03 13:00:00,378.1249777098029,318.8834287742124,479.2511260947145,336.14214940100305
2021-02-03 14:00:00,361.3451105435258,265.4907782660051,432.4277925082059,326.94496593490976
2021-02-03 15:00:00,336.48891252891286,225.90826715513774,359.21504989053824,283.69131543788035
2021-02-03 16:00:00,260.48617459454994,190.4421984723562,294.76177387778296,210.82167532246999
2021-02-03 17:00:00,105.08397544430133,72.22022885034137,129.02388852425634,91.83636243020796
2021-02-03 18:00:00,27.896581685248393,19.018851442742793,39.19768192664653,24.43091964904822
2021-02-03 19:00:00,13.058848144369835,-0.5127677557447228,15.516649550002482,5.613508376334805
2021-02-03 20:00:00,-4.36561033273947,-3.4085292693811593,15.580496651704498,-0.09805257842132062
2021-02-03 21:00:00,-4.5217069993500605,-4.00670646278753,15.795381395552532,2.3836820129211254
2021-02-03 22:00:00,-3.7263410314982988,-2.8320599359156184,21.867738661270863,4.08084422640897
2021-02-03 23:00:00,-6.426496002977916,1.0058387054454843,26.07099813195441,4.784593147879717
2021-02-03 24:00:00,1.3784418241006395,-0.6342944037858181,23.591897291333762,6.859223989907752
2021-02-04 01:00:00,-18.093771509301323,-5.913439848184628,1.5756373970077446,1.6963516231346207
2021-02-04 02:00:00,-10.015046826144335,0.6861510683980143,4.835347847797295,4.243161436740699
2021-02-04 03:00:00,7.010103207056737,13.944348147783588,22.036121233508084,3.6186798970260217
2021-02-04 04:00:00,12.18101557034466,25.770373314839656,31.257531023190715,6.052202295681856
2021-02-04 05:00:00,15.070806974355843,28.77326699059357,40.06130901654891,3.6186798970260217
2021-02-04 06:00:00,21.917685907687826,29.068338847899003,46.549105425923784,4.055684950974918
2021-02-04 07:00:00,26.758283141728565,30.14219161996791,56.019651052886886,10.956617288027502
2021-02-04 08:00:00,32.439428211913764,30.11213104204332,57.42497576708395,22.456531462850013
2021-02-04 09:00:00,93.27550907294724,46.56369022667355,105.35926543411365,54.647278406673614
2021-02-04 10:00:00,232.94158854857778,138.8781476688549,283.25781783021984,177.94947545556374
2021-02-04 11:00:00,423.5215152598629,265.2917678794746,499.74536442453353,271.8632033459042
2021-02-04 12:00:00,551.9079468967975,336.7723327752266,642.0620529462119,333.3871977647113
2021-02-04 13:00:00,575.2318258631002,366.1981746109373,672.1600013288922,336.14214940100305
2021-02-04 14:00:00,575.2318258631002,361.2839270968647,651.6128376622432,332.2704929412662
2021-02-04 15:00:00,515.3252548028919,329.5480117849439,601.7377866231373,289.20337567628366
2021-02-04 16:00:00,363.349743402525,281.05178284309267,476.68680372313,214.83170416348955
2021-02-04 17:00:00,180.69634907082636,133.69392857476606,264.17798556651036,99.19592532820761
2021-02-04 18:00:00,48.8648751769122,35.018030361894176,71.54897715825835,27.036053734401722
2021-02-04 19:00:00,27.662887880666258,10.878485514696937,27.72415936896506,9.784355453264709
2021-02-04 20:00:00,6.437798799652444,7.141854539521513,21.88955104310754,10.159772581609653
2021-02-04 21:00:00,3.4741876808692123,4.344774663842778,19.132974172059658,7.71251868213731
2021-02-04 22:00:00,1.8291367621211805,3.15978085365211,15.658599071231974,7.283962167692044
2021-02-04 23:00:00,1.8291367621211805,3.15978085365211,15.658599071231974,7.673680017955728
2021-02-04 24:00:00,1.8291367621211805,2.513614111045803,15.658599071231974,7.967755629537175
2021-02-05 01:00:00,23.144004844476896,12.955498343063788,29.810566507828284,7.791760634723073
2021-02-05 02:00:00,22.6699650468631,12.955498343063788,31.881101375357332,7.791760634723073
2021-02-05 03:00:00,8.07972421000865,0.4039979776391858,16.90102718944221,7.791760634723073
2021-02-05 04:00:00,4.893382330602599,1.180668454511943,13.465161977589004,7.791760634723073
2021-02-05 05:00:00,5.481419587831339,1.180668454511943,13.572524158452154,7.791760634723073
2021-02-05 06:00:00,5.476064933290448,-0.43594074268812777,11.807943421756555,7.1850725408578935
2021-02-05 07:00:00,6.270740680406066,-0.43594074268812777,11.616204593450796,11.303814937425773
2021-02-05 08:00:00,14.354061711795334,6.698061354559662,14.45824096973965,19.207388478359498
2021-02-05 09:00:00,73.58359331299093,32.775822286755975,87.21988597956502,59.085773518897994
2021-02-05 10:00:00,205.68036849960998,125.47978178032062,249.8787678565265,174.4046760438773
2021-02-05 11:00:00,306.98797319800576,233.23631481366834,391.04352471889473,260.6444279209522
2021-02-05 12:00:00,355.5014737386533,239.00931537658548,422.55971493391223,293.9503162227945
2021-02-05 13:00:00,343.3794937631738,229.83325150275138,410.48306040820387,257.2982255112088
2021-02-05 14:00:00,342.94820490040166,225.24405269138828,407.0604844730781,255.3454970719953
2021-02-05 15:00:00,296.25554423088136,184.83013758361096,340.3270467166847,194.52970775795202
2021-02-05 16:00:00,203.98837176338282,160.91695859566704,269.7404784346822,139.3016918986294
2021-02-05 17:00:00,86.99185996196314,62.67178313907609,115.0794363408891,55.432028628114985
2021-02-05 18:00:00,10.791586729803477,11.768058271453071,32.53510086242041,22.407524173929563
2021-02-05 19:00:00,7.730220416058768,4.024098690458983,24.839319168550357,15.208407224018208
2021-02-05 20:00:00,-4.44138668361109,1.0180267096018771,19.18137714398011,11.733645125598935
2021-02-05 21:00:00,-0.4043553050577443,-0.26076673821732976,18.030743821949855,11.733645125598935
2021-02-05 22:00:00,2.5206140828036077,-0.3371891267824716,17.8390049936441,11.733645125598935
2021-02-05 23:00:00,2.5206140828036077,-0.3371891267824716,17.8390049936441,9.38678007589728
2021-02-05 24:00:00,1.2748522955153307,-0.3371891267824716,17.8390049936441,9.821147001503556
2021-02-06 01:00:00,-2.3538093935807263,-0.8768321120701852,10.714657306421485,10.143416624273437
2021-02-06 02:00:00,-1.8858907746441043,-0.7579386008132276,9.737673161004782,6.095918348287868
2021-02-06 03:00:00,-0.915382941679398,-0.6586408272239123,9.241676048865955,0.8386926903885927
2021-02-06 04:00:00,6.803320693324259,0.7908348812721528,10.055165332521327,3.1962357230492655
2021-02-06 05:00:00,5.877074035509582,0.7908348812721528,10.055165332521327,2.660731972337017
2021-02-06 06:00:00,5.877074035509582,0.7908348812721528,10.055165332521327,2.7677246356467933
2021-02-06 07:00:00,5.877074035509582,0.7908348812721528,10.055165332521327,6.262018509480975
2021-02-06 08:00:00,19.00013793251631,6.11712117605729,13.798945756061325,16.102755464538937
2021-02-06 09:00:00,93.0745459432558,59.168073018311496,105.99841414101981,54.65851205159093
2021-02-06 10:00:00,233.92501453215218,144.00110920146383,261.8851396811666,146.06074906860064
2021-02-06 11:00:00,368.4717941874789,238.60596382242701,439.2791967470235,227.08829864255364
2021-02-06 12:00:00,458.9897026316082,292.1989162527752,543.6669622542682,290.4929428914447
2021-02-06 13:00:00,495.3163210173407,307.87504771031166,563.5400449250665,316.32875926658994
2021-02-06 14:00:00,517.8456811886508,318.3914101773197,601.7951227170387,316.9395995892378
2021-02-06 15:00:00,486.92132188702453,294.4824232350292,578.9222763177197,279.66557539073807
2021-02-06 16:00:00,375.12506197935113,262.7213995344407,502.90419112672686,215.12745553030837
2021-02-06 17:00:00,157.0652579255865,121.69778772362466,245.258025576621,107.11695951883533
2021-02-06 18:00:00,21.218574540766735,23.506791229462735,41.490985592821204,31.064544582644306
2021-02-06 19:00:00,5.598901969550568,8.466907044741683,26.425558460806336,9.58674808917436
2021-02-06 20:00:00,1.0362707053419344,4.183340016444676,21.31471065332763,6.962363883308922
2021-02-06 21:00:00,1.9123164512036825,3.4230759809298346,21.383621965658648,5.635619026492348
2021-02-06 22:00:00,-2.6805012981042937,0.16727135684419722,22.604866986995933,4.635906751975406
2021-02-06 23:00:00,-2.591967074452395,3.454050516321309,17.80326924543588,4.2832874224299395
2021-02-06 24:00:00,-4.5595910613550865,8.167881463630692,29.787120378785087,4.503424059122351
2021-02-07 01:00:00,4.850345513969817,-2.2242687640991234,11.726650533719653,5.882308936271161
2021-02-07 02:00:00,5.084286948382679,-2.2242687640991234,8.603281266483737,2.5215597202956137
2021-02-07 03:00:00,-2.0976868723545765,2.216457384115035,8.603281266483737,0.8845006430275761
2021-02-07 04:00:00,-1.8833518860833958,10.152488264962955,18.078677697547775,1.0664709056250758
2021-02-07 05:00:00,3.4270882370662448,13.745401706171618,19.266031665333436,0.9477789931055856
2021-02-07 06:00:00,4.4011779292814515,13.745401706171618,19.266031665333436,0.8532261586349243
2021-02-07 07:00:00,6.410679952744339,13.835589839514446,19.266031665333436,2.389993595773235
2021-02-07 08:00:00,15.43675638189597,21.441396285011994,22.520313763668717,19.016037621323324
2021-02-07 09:00:00,77.27021472748912,50.82496348274289,94.28941998690348,49.38938595040665
2021-02-07 10:00:00,217.9414563235911,143.7065917380773,260.18505371933804,159.80307796587263
2021-02-07 11:00:00,399.77342173541047,272.1971558647019,475.5302437313813,234.56854702526664
2021-02-07 12:00:00,524.2092434217058,337.4906505158074,616.3851419439934,301.0438125781773
2021-02-07 13:00:00,576.9287926965899,372.4002375173925,667.8544030022092,321.3395464213161
2021-02-07 14:00:00,583.0016160252302,369.8703312782377,675.8533671524732,317.9687478026854
2021-02-07 15:00:00,549.9957770424858,359.54222584587114,642.1847126346566,284.6670373100115
2021-02-07 16:00:00,402.1052560941198,306.1769046762464,517.6304665428601,220.57396214345502
2021-02-07 17:00:00,213.38924489170026,176.1753315589907,291.9418509770129,112.19970513236237
2021-02-07 18:00:00,62.62556490446706,56.391638537314925,91.17124408853266,35.141501848983744
2021-02-07 19:00:00,31.51633199210034,30.728109106580632,48.19155297768524,12.27553190671594
2021-02-07 20:00:00,20.87912435553739,27.689295987929924,40.54962390354566,11.415829589632343
2021-02-07 21:00:00,18.75725613558218,26.861762760754694,38.75658774036584,12.01774379979034
2021-02-07 22:00:00,17.731086512127913,21.66018063020435,37.43936338393066,18.01656968726349
2021-02-07 23:00:00,17.731086512127913,21.66018063020435,37.43936338393066,13.501125130458295
2021-02-07 24:00:00,17.731086512127913,21.66018063020435,37.43936338393066,13.66966638081433
2021-02-08 01:00:00,37.294442877725594,41.73110374202675,66.48817601884126,18.13520744300891
2021-02-08 02:00:00,37.350554889644236,41.73110374202675,66.48817601884126,17.24159709773002
2021-02-08 03:00:00,37.350554889644236,41.73110374202675,66.48817601884126,11.880035054064232
2021-02-08 04:00:00,37.350554889644236,41.73110374202675,66.48817601884126,11.880035054064232
2021-02-08 05:00:00,37.294442877725594,41.73110374202675,67.09310979533733,8.044084086779606
2021-02-08 06:00:00,37.51311599210731,43.81267017202039,69.57045984320705,6.597831349561329
2021-02-08 07:00:00,37.51311599210731,43.81267017202039,69.57045984320705,9.452680208396856
2021-02-08 08:00:00,43.182887878076585,43.7826095940958,70.97578455740408,18.1608619079762
2021-02-08 09:00:00,96.70414836684557,61.84215835898613,118.61715602531412,57.065597844193256
2021-02-08 10:00:00,235.30470955972166,143.61654822130134,295.4243607093143,180.9145037037252
2021-02-08 11:00:00,435.78956111518863,273.15057164394403,519.5173801842232,278.46977921458404
2021-02-08 12:00:00,561.6956386774485,353.905665385667,666.8782502581148,333.3871977647113
2021-02-08 13:00:00,582.7659008081018,368.9056041991247,688.5924259402443,336.14214940100305
2021-02-08 14:00:00,582.7659008081018,368.9056041991247,688.5924259402443,332.2704929412662
2021-02-08 15:00:00,549.8105640043107,349.39900196087206,653.1536736446828,289.20337567628366
2021-02-08 16:00:00,405.96004573086105,303.53278320684757,523.3528635021031,214.83170416348955
2021-02-08 17:00:00,211.8157487912848,169.0246850242018,293.9986740697721,102.89887488376885
2021-02-08 18:00:00,56.162112357658806,49.07943883526017,89.01506820136402,36.80142744994506
2021-02-08 19:00:00,28.479368364172842,28.684466500343518,46.05673636999825,21.20940724269279
2021-02-08 20:00:00,17.94975962650963,25.911275922666334,39.31340180740858,18.53977230851441
2021-02-08 21:00:00,17.731086512127913,25.847213821109335,37.52036564422876,19.52659442285566
2021-02-08 22:00:00,17.731086512127913,21.66018063020435,37.43936338393066,19.52659442285566
2021-02-08 23:00:00,17.731086512127913,21.078851043860517,37.43936338393066,14.017263322688473
2021-02-08 24:00:00,13.133464063667882,21.078851043860517,37.43936338393066,13.13468090070464
2021-02-09 01:00:00,36.44670196563832,40.86467913808346,66.48817601884126,7.932632468393162
2021-02-09 02:00:00,36.44670196563832,38.40466517578737,65.15999090347326,7.932632468393162
2021-02-09 03:00:00,33.06060077801398,38.264474907902596,60.658897935695784,7.932632468393162
2021-02-09 04:00:00,33.06060077801398,38.264474907902596,60.52956503741571,7.932632468393162
2021-02-09 05:00:00,33.06060077801398,38.35466304124543,60.52956503741571,7.932632468393162
2021-02-09 06:00:00,33.06060077801398,38.35466304124543,60.52956503741571,7.932632468393162
2021-02-09 07:00:00,34.44491673925931,38.35466304124543,60.693923867519715,12.051374864961046
2021-02-09 08:00:00,41.75553526993179,38.32460246332084,62.228581479996826,21.17761107071632
2021-02-09 09:00:00,91.94960166175736,52.70802995283651,114.16159897882349,65.25727588369742
2021-02-09 10:00:00,227.9181818474573,131.0596112313209,282.52346129048084,180.9145037037252
2021-02-09 11:00:00,432.60026301360716,251.03581896366168,504.6060672643346,278.46977921458404
2021-02-09 12:00:00,562.0375882184868,322.8248299782841,636.8633298174135,333.3871977647113
2021-02-09 13:00:00,572.2280759941951,336.85157824307356,658.308496063644,336.14214940100305
2021-02-09 14:00:00,573.031849746761,340.63389407399706,652.882644237121,332.2704929412662
2021-02-09 15:00:00,521.7060144297536,299.49320172699333,599.4678336674681,289.20337567628366
2021-02-09 16:00:00,377.278540625088,261.9153130572596,476.0368537159362,214.6176607530491
2021-02-09 17:00:00,188.48919506782877,123.74365863876591,246.81209048662143,100.2279494953998
2021-02-09 18:00:00,52.25764983745077,29.767793210223992,51.627213550332655,29.05607442913238
2021-02-09 19:00:00,20.4315493467028,6.095802161851695,22.96949913020324,12.30613898168446
2021-02-09 20:00:00,4.403630238359717,2.581296514201599,16.287770400781934,10.199821518686957
2021-02-09 21:00:00,5.198669006347884,3.667778390703064,26.066437494895982,6.419851426006635
2021-02-09 22:00:00,4.829482027107679,8.943198501618518,32.683959035834896,6.809360446057043
2021-02-09 23:00:00,4.829482027107679,8.943198501618518,32.683959035834896,6.466904978905839
2021-02-09 24:00:00,3.1314168555164814,8.091981705432659,32.683959035834896,6.466904978905839
2021-02-10 01:00:00,5.898864005077087,2.2574466628215064,14.447858123398534,3.519145109770854
2021-02-10 02:00:00,6.486901262305819,2.2574466628215064,13.572524158452154,3.765313598654
2021-02-10 03:00:00,6.245892168719068,0.6408374656214368,11.807943421756555,5.591448672011533
2021-02-10 04:00:00,7.040567915834684,0.6408374656214368,11.616204593450796,5.814872507578783
2021-02-10 05:00:00,6.919419029371633,0.6408374656214368,11.616204593450796,5.814872507578783
2021-02-10 06:00:00,6.861964949967611,0.6408374656214368,11.616204593450796,6.246127212392359
2021-02-10 07:00:00,7.05515574174154,0.6330228887142484,11.616204593450796,13.094862784845224
2021-02-10 08:00:00,8.503783801012384,4.372333575735958,10.260550595419492,20.437549887943963
2021-02-10 09:00:00,73.33685616409787,39.88282966956364,82.47331171207706,61.094670808472614
2021-02-10 10:00:00,157.23541708943742,85.45898720764673,172.00722550599474,166.23295423441525
2021-02-10 11:00:00,244.52713319083082,162.68545327257536,294.67786517661256,262.41493050224034
2021-02-10 12:00:00,323.2662127415854,226.21787734146682,394.19374219680486,309.4196889083514
2021-02-10 13:00:00,391.1854359979144,254.53814151135367,475.35643432552484,318.32430976446153
2021-02-10 14:00:00,384.40216884162635,259.2691067492558,472.8889770892479,316.3751686194189
2021-02-10 15:00:00,335.0220122548348,205.741098696133,380.3689126317462,288.41230307707474
2021-02-10 16:00:00,245.06123064186835,171.59574764585426,320.37466150052995,225.493492419178
2021-02-10 17:00:00,106.58716160427079,98.51611725368588,183.70817092526354,89.10969738581284
2021-02-10 18:00:00,26.99530001404694,15.846939243404739,37.01178488507672,20.724242150457652
2021-02-10 19:00:00,11.991441840707958,11.451663605080155,39.471244211377844,4.456373455139318
2021-02-10 20:00:00,6.281156272840623,7.421460935680224,33.04548523708296,7.247417145425069
2021-02-10 21:00:00,7.879849126107603,7.421460935680224,32.8537464087772,7.959565508154986
2021-02-10 22:00:00,7.150679416555044,7.193582641996931,32.10306558797393,7.893759890735765
2021-02-10 23:00:00,-0.5118723742467516,2.039158362920752,26.321995957638567,8.341321144632074
2021-02-10 24:00:00,-0.2924370364626575,2.039158362920752,26.9660163659717,9.85134588022425
2021-02-11 01:00:00,-6.384760571180594,-3.7158142441784765,6.38609616140702,9.913943545447806
2021-02-11 02:00:00,-6.895895911219813,-1.2912701846874448,6.461441491906639,9.211278330927268
2021-02-11 03:00:00,-6.895895911219813,-1.2912701846874448,6.461441491906639,8.426855093652222
2021-02-11 04:00:00,-6.235927005926556,-3.688128867293261,6.028878629242485,4.328595695608001
2021-02-11 05:00:00,-6.7829369652810465,-4.749452085188208,6.561051300423706,4.116945315819232
2021-02-11 06:00:00,-6.7829369652810465,-4.749452085188208,6.561051300423706,3.028423887270423
2021-02-11 07:00:00,-6.7829369652810465,-4.749452085188208,6.561051300423706,7.417394379802034
2021-02-11 08:00:00,5.284260276882905,-0.02968600623372246,8.576645360364788,20.260096396839305
2021-02-11 09:00:00,52.001267556194264,30.400164830004286,63.01063057131708,59.58519791093304
2021-02-11 10:00:00,133.0830085096157,77.06557368950875,149.43482756970607,162.07508424658977
2021-02-11 11:00:00,253.75899695228765,151.12377005400054,266.4107337744023,240.87079934668813
2021-02-11 12:00:00,319.2677053001284,180.08054414134065,310.8989898116442,295.4997901381638
2021-02-11 13:00:00,323.3976369600687,198.0930501409142,357.76880092122383,317.01148841503397
2021-02-11 14:00:00,456.8129487158275,270.88201632988967,514.6645719804573,309.35440624417964
2021-02-11 15:00:00,466.28028855903165,269.7227854461866,528.3573229685678,263.6182849600872
2021-02-11 16:00:00,363.4128012379528,271.7700214009363,484.18292081676196,200.00585327949892
2021-02-11 17:00:00,172.04146231817728,141.13138265350827,253.6817496652563,88.98788070071649
2021-02-11 18:00:00,40.9021480970054,39.93775356110521,74.65929022451036,17.96285964153964
2021-02-11 19:00:00,13.639269433665344,16.435764324239152,44.03304081328195,4.69708071785034
2021-02-11 20:00:00,3.1429630200413188,18.778555481708977,46.06549596582137,1.548930749402927
2021-02-11 21:00:00,7.354252323275439,17.499762033889745,46.12029085550992,4.453862055402031
2021-02-11 22:00:00,2.878958670911544,13.485415385398724,36.2211701789668,4.9079215071452795
2021-02-11 23:00:00,4.027887824160111,8.54164995748065,36.2211701789668,2.5580079031745013
2021-02-11 24:00:00,10.167229150293752,5.427725491629791,32.437681831158855,2.30826800003994
2021-02-12 01:00:00,4.196927854591403,-0.8519408425595812,13.378051969219468,-0.7107465939074922
2021-02-12 02:00:00,4.196927854591403,-0.8519408425595812,13.378051969219468,2.00414817363526
2021-02-12 03:00:00,4.196927854591403,-0.8519408425595812,13.378051969219468,2.00414817363526
2021-02-12 04:00:00,4.196927854591403,-0.8519408425595812,12.04424738555099,2.907067809625286
2021-02-12 05:00:00,-4.667379531030606,-4.056107900908665,6.447301340981586,3.065562764769937
2021-02-12 06:00:00,-4.667379531030606,-4.155405674497979,6.3034988827454725,3.065562764769937
2021-02-12 07:00:00,-6.811840763430699,-4.749452085188208,6.208222091793638,5.767787212123734
2021-02-12 08:00:00,14.775457673947336,3.8622222117817473,10.911896869177363,19.081528582009422
2021-02-12 09:00:00,80.65945775390442,36.667023563565685,84.29537288651116,44.24489476920712
2021-02-12 10:00:00,224.92059485527668,109.83065475663348,251.62610735718508,120.35439501606506
2021-02-12 11:00:00,376.7871984761319,216.5634431919882,423.421779417786,187.56040398255345
2021-02-12 12:00:00,474.35649857082376,270.48513197028495,512.3834437873782,237.824713269566
2021-02-12 13:00:00,504.95609849647497,282.37749156590917,561.8055066036336,272.87915590333785
2021-02-12 14:00:00,524.8145434405662,300.1792188230995,579.3040137003272,270.85120564455593
2021-02-12 15:00:00,489.3510976312686,288.1786178199103,563.9738540881566,225.4160457684324
2021-02-12 16:00:00,378.13653551451705,276.57045343484685,496.95042821819226,178.37312885975984
2021-02-12 17:00:00,189.24863837161317,145.44088727852468,286.6071821320472,74.00453518264591
2021-02-12 18:00:00,41.02300168784492,40.018371088905205,74.92372139129088,26.190742029275192
2021-02-12 19:00:00,13.75659048207541,16.771193263254304,43.435411746853156,3.074684319706866
2021-02-12 20:00:00,3.813012912391639,16.484706007824506,41.12862228616539,-3.623668207315608
2021-02-12 21:00:00,3.970742324683784,18.778555481708977,46.83139286004847,-3.678864484744611
2021-02-12 22:00:00,6.917631851573777,19.148936572423217,46.12029085550992,-3.780078255650993
2021-02-12 23:00:00,1.1321196387569283,4.116515178527829,30.331018362959526,-0.31629766458550357
2021-02-12 24:00:00,0.045163657290633145,4.702064870319624,30.2419873289952,-0.6145789411727599
2021-02-13 01:00:00,1.7107687243884138,1.0065817260068846,11.19229635473763,2.672038591253654
2021-02-13 02:00:00,4.145011863011224,3.522483121548031,13.07154691004886,2.7493457571807927
2021-02-13 03:00:00,4.145011863011224,3.62178089513734,12.575549797910023,3.0449784269607276
2021-02-13 04:00:00,9.84550763536358,4.528618517628083,16.231271433505675,3.3243669984200133
2021-02-13 05:00:00,9.84550763536358,4.528618517628083,16.231271433505675,3.3142027173244153
2021-02-13 06:00:00,9.84550763536358,4.528618517628083,16.231271433505675,3.132272473358982
2021-02-13 07:00:00,9.84550763536358,4.528618517628083,16.231271433505675,9.140500627573521
2021-02-13 08:00:00,22.6797924875433,9.794933900400126,20.265064278470447,22.02645459227785
2021-02-13 09:00:00,90.8917419116803,36.70259196991809,89.78042791864301,79.21237952221632
2021-02-13 10:00:00,249.5115685566696,137.7665473632758,261.1105272249751,188.86586982016337
2021-02-13 11:00:00,422.7212015336515,253.22705936041123,450.6370367062042,278.2127662915899
2021-02-13 12:00:00,516.5082665380273,307.0866621647394,555.0272587348866,326.87137635666255
2021-02-13 13:00:00,533.0327137065826,316.20359568466625,575.8913753843049,336.65435176838616
2021-02-13 14:00:00,523.5256995448304,282.02499186154523,566.8178608006856,333.7961566325835
2021-02-13 15:00:00,514.0116470595589,288.81442313662717,567.9776527988051,288.7277374281955
2021-02-13 16:00:00,390.6558739542598,293.7498914738681,520.93252650789,221.6291183633249
2021-02-13 17:00:00,196.84064677878624,147.60114621776626,298.0616843407608,108.92273528227574
2021-02-13 18:00:00,45.64277519255848,39.35685425243604,73.48949885048795,36.23596236808768
2021-02-13 19:00:00,16.76950835629018,15.59654673638238,37.64643134240342,14.915922772254845
2021-02-13 20:00:00,5.519038547762536,12.792765337439521,29.174470294481125,11.069957003012494
2021-02-13 21:00:00,6.314404515614292,14.148451587400055,39.44797442488246,5.260711735407939
2021-02-13 22:00:00,6.9354873731370414,18.778555481708977,46.06549596582137,4.7588497177874585
2021-02-13 23:00:00,6.48548396398405,10.048321698983164,36.917056110081525,0.7905238213158813
2021-02-13 24:00:00,2.816803910617618,8.60925203809056,33.13356776227356,1.548930749402927
2021-02-14 01:00:00,9.53269379052293,2.606763532777165,16.231271433505675,4.963837236501092
2021-02-14 02:00:00,9.53269379052293,2.606763532777165,16.231271433505675,4.7558805301819245
2021-02-14 03:00:00,9.53269379052293,2.606763532777165,16.231271433505675,5.011128627514958
2021-02-14 04:00:00,9.53269379052293,2.606763532777165,16.231271433505675,0.24035586211138363
2021-02-14 05:00:00,9.75320736683111,2.606763532777165,16.338633614368824,-1.5349126943005154
2021-02-14 06:00:00,9.4951798466831,0.9901543355770971,14.574052877673223,-1.399628255466906
2021-02-14 07:00:00,10.28985559379872,0.9901543355770971,14.382314049367464,4.682197334860153
2021-02-14 08:00:00,15.342393879455848,6.896441865720463,13.56862879006066,14.024315870968199
2021-02-14 09:00:00,63.43557751557333,31.429677196890776,69.13934336021248,28.917632529022743
2021-02-14 10:00:00,112.8499353998598,68.00119781139998,105.52546698467263,38.62166512150377
2021-02-14 11:00:00,212.11701008844133,135.42966818415738,203.0836782130955,81.92781863660666
2021-02-14 12:00:00,279.09220581517206,197.27882296123025,308.9683284767298,133.7155568616256
2021-02-14 13:00:00,353.0551717547359,299.1137925601349,427.82173602681644,176.8844808951228
2021-02-14 14:00:00,368.29852361622767,301.01050769926894,440.99199104799004,182.11051701755855
2021-02-14 15:00:00,319.4792879174671,242.81345208656,361.21113353857675,151.20581246261114
2021-02-14 16:00:00,211.71804987591344,165.91613752386291,246.24511611850957,128.9488515031373
2021-02-14 17:00:00,120.6983287896695,84.85998198417397,144.42377543570598,51.77279408254588
2021-02-14 18:00:00,35.80195648599404,22.523776782577855,58.09563447515437,20.66167465580733
2021-02-14 19:00:00,17.932590912539062,9.138935589303344,31.87252497870865,3.495000641859874
2021-02-14 20:00:00,4.253272134724275,4.425655233342755,18.122727203758043,0.8702325093783928
2021-02-14 21:00:00,3.6927391971546646,-6.180385733080878,19.546519133033293,1.2511318177641773
2021-02-14 22:00:00,1.789031356981838,-2.4952372054443757,20.06019802524863,0.9328195810852723
2021-02-14 23:00:00,2.2683678761069097,-2.4952372054443757,20.417940692083643,1.3171815463479213
2021-02-14 24:00:00,2.3084651205558147,-2.364956496059344,19.6313301468658,2.092651128491904
2021-02-15 01:00:00,-5.750426758828188,-2.1723436193196886,9.619228167253285,3.192136383090204
2021-02-15 02:00:00,-7.478325499090755,-1.5737609790175573,9.511086187904114,3.360011309301149
2021-02-15 03:00:00,-8.302871324242313,-1.6607654692991969,9.450602528494459,3.3840756598463013
2021-02-15 04:00:00,-9.068981131855168,-5.078272772372744,6.411327958175695,3.0982298649583218
2021-02-15 05:00:00,-8.795862492288729,-5.078272772372744,5.4140850955819,3.8194791728784354
2021-02-15 06:00:00,-8.795862492288729,-9.309788327675163,4.247749704119717,3.8194791728784354
2021-02-15 07:00:00,-15.569975684530434,-12.474058757452262,-5.114670562244367,8.922391965330192
2021-02-15 08:00:00,-0.04259230888721237,-4.924247226980457,0.746295283802557,24.28585634121429
2021-02-15 09:00:00,42.13692757564142,23.40869205836977,60.05385637867219,92.79015344283586
2021-02-15 10:00:00,94.92854149738254,44.40610208486942,96.3649126293339,172.91851298980725
2021-02-15 11:00:00,209.06454999068936,163.73940770355497,251.00991806147806,247.19881476134572
2021-02-15 12:00:00,289.32668645977185,213.6601780816442,340.2476817009715,289.023910830494
2021-02-15 13:00:00,360.74317770469975,244.25655019168667,392.8788562104282,298.04372983480755
2021-02-15 14:00:00,471.32035296480814,298.31890893256815,533.4151905654469,279.9328796642593
2021-02-15 15:00:00,501.74772095130646,319.22355046443283,569.5013447229443,217.88904851933208
2021-02-15 16:00:00,385.0541539810425,295.11846784005957,489.8394417804988,132.12840409860564
2021-02-15 17:00:00,197.1577321911149,157.8759563720925,272.46183160406855,70.77478029012451
2021-02-15 18:00:00,46.66459284930214,44.67236422950228,63.21496606831688,27.45772868258194
2021-02-15 19:00:00,19.609324648406275,20.746308961231243,23.82050322418776,16.8512788985451
2021-02-15 20:00:00,10.790494279857318,16.997094863050712,17.289847514150964,14.308494268907618
2021-02-15 21:00:00,10.306774835911158,13.393505000982644,15.496811350971134,18.457931794137384
2021-02-15 22:00:00,10.306774835911158,19.810037095525622,14.179586994535976,17.818305846176653
2021-02-15 23:00:00,18.666779744533034,22.76823526969286,14.179586994535976,14.308494268907618
2021-02-15 24:00:00,18.666779744533034,22.76823526969286,14.179586994535976,13.42591184692378
2021-02-16 01:00:00,37.3758873216192,40.4335890970305,38.06742039109901,9.989018132254898
2021-02-16 02:00:00,36.83319105572352,41.44813803667584,63.88248948638609,9.989018132254898
2021-02-16 03:00:00,37.16539905714558,41.44813803667584,66.48817601884126,9.989018132254898
2021-02-16 04:00:00,37.16539905714558,41.92511778926827,66.48817601884126,9.989018132254898
2021-02-16 05:00:00,37.22151106906422,39.18000880937274,65.15999090347326,9.989018132254898
2021-02-16 06:00:00,32.63791692634584,39.03981854148796,60.658897935695784,9.989018132254898
2021-02-16 07:00:00,33.612006618561004,39.130006674830796,60.52956503741571,14.585333163195957
2021-02-16 08:00:00,33.545623453741094,37.83835923074422,57.93946485982181,25.702690314405395
2021-02-16 09:00:00,69.3166982578736,48.484056831244,96.10962111270086,71.07398565535296
2021-02-16 10:00:00,151.36027754586652,110.08621055058366,201.0498655228967,184.57348026231526
2021-02-16 11:00:00,216.2446442201069,200.03352216075368,324.2745641132044,276.38815381003155
2021-02-16 12:00:00,266.87774471529116,206.249173227111,325.41554566670555,335.2726542197826
2021-02-16 13:00:00,293.05363252378595,235.0913252922289,338.124399129929,339.35984487574274
2021-02-16 14:00:00,287.00187262971457,229.05050303276911,337.6076412858841,335.14918178776134
2021-02-16 15:00:00,252.92275265005094,185.159021151014,283.05935754773026,288.87127823222005
2021-02-16 16:00:00,184.58518618227075,164.10231188146463,235.95316154757694,212.86839130705113
2021-02-16 17:00:00,104.93571768892073,95.31070716949891,157.13135273979483,79.5887605710045
2021-02-16 18:00:00,26.905574543887976,40.301925091036736,56.91927152325023,23.604134443330082
2021-02-16 19:00:00,10.379043971107704,26.126942414470555,35.37865534862321,15.944785436653575
2021-02-16 20:00:00,14.66757655687419,26.130416127127532,40.25676639560309,9.417366223519265
2021-02-16 21:00:00,13.717702813421008,26.41210833404225,38.93438042297476,8.094024185457974
2021-02-16 22:00:00,19.531730669944064,27.22418874330463,41.780704375649165,12.829325768424008
2021-02-16 23:00:00,13.717702813421008,25.93512858144983,39.270266865054865,14.030503721537455
2021-02-16 24:00:00,14.66757655687419,25.93728434470499,40.44502993890921,14.030503721537455
2021-02-17 01:00:00,28.33011783973638,37.88654607139502,57.45874493556165,10.019106576986472
2021-02-17 02:00:00,30.366493932554445,40.45185890978524,58.4082041706865,9.776388318302843
2021-02-17 03:00:00,32.25052491365446,38.89276638110048,57.67066367031564,9.776388318302843
2021-02-17 04:00:00,32.77729722080852,39.001945541443064,57.67391615505635,9.776388318302843
2021-02-17 05:00:00,32.25052491365446,38.89276638110048,57.06572989381957,9.776388318302843
2021-02-17 06:00:00,30.366493932554445,38.3702924797916,55.31396573598427,9.776388318302843
2021-02-17 07:00:00,29.91290142481689,35.54708823828779,54.36450650085942,14.407610801311469
2021-02-17 08:00:00,37.20937992849478,30.88794759339203,53.56557693886812,24.76487550717916
2021-02-17 09:00:00,69.49021039270274,40.09073739944132,79.68103317342718,69.77794811866114
2021-02-17 10:00:00,161.60660453882488,104.05193822781024,191.23547365940973,184.4613547682432
2021-02-17 11:00:00,230.17560548314793,197.0029510978643,339.46004233980983,274.91156169777855
2021-02-17 12:00:00,311.40907182452145,258.01390258473015,402.23235763997343,329.2881279385321
2021-02-17 13:00:00,335.1634458898458,271.41318264121253,426.39357801578416,304.3324977498427
2021-02-17 14:00:00,318.1743836410281,260.3167332671089,412.622257292072,325.845533009894
2021-02-17 15:00:00,274.969707115717,211.22994627211244,404.5695661991166,278.7605009445223
2021-02-17 16:00:00,198.684937074528,153.24930466861994,309.27297115471197,217.086883127521
2021-02-17 17:00:00,123.85125721853774,96.97940469942182,192.44292556356635,105.21373984292403
2021-02-17 18:00:00,37.064838202335835,33.590534204909254,58.154359567984116,38.11916517473187
2021-02-17 19:00:00,16.446079707635583,12.687005547208116,32.34033444220358,22.78809455558706
2021-02-17 20:00:00,5.707822544021528,20.12561020512682,28.664414476159514,19.74761408615583
2021-02-17 21:00:00,5.707822544021528,19.480218517226,27.89161719085875,14.238282985988652
2021-02-17 22:00:00,5.707822544021528,14.278636386675656,27.27287726053931,14.238282985988652
2021-02-17 23:00:00,5.707822544021528,17.35647677577922,27.27287726053931,10.011783814703124
2021-02-17 24:00:00,5.707822544021528,17.35647677577922,27.27287726053931,9.094044277763912
2021-02-18 01:00:00,30.418061156773604,38.3664089023535,54.36450650085942,8.3705976207124
2021-02-18 02:00:00,30.871653664511147,41.312608643165944,55.31396573598427,8.3705976207124
2021-02-18 03:00:00,32.75568464561118,38.75724215537125,57.06572989381957,8.3705976207124
2021-02-18 04:00:00,33.282456952765244,38.866421315713836,59.54380074492386,6.5993193761598095
2021-02-18 05:00:00,33.282456952765244,38.866421315713836,59.54380074492386,4.791650420437641
2021-02-18 06:00:00,33.282456952765244,38.866421315713836,59.54380074492386,4.579020606485585
2021-02-18 07:00:00,33.282456952765244,38.866421315713836,59.54380074492386,9.226588440865259
2021-02-18 08:00:00,39.91563744974412,38.836360737789256,60.77121379298659,22.497241637631863
2021-02-18 09:00:00,72.80655496204939,55.754135490800024,94.71399119789275,62.046261716249425
2021-02-18 10:00:00,170.89246863831553,127.52717275267534,228.17889675987803,186.6016068932601
2021-02-18 11:00:00,323.6695088787042,268.59814298691856,456.17814585323464,277.47617920796404
2021-02-18 12:00:00,439.6110995672241,349.85065616351227,529.8098907542087,334.37911783084405
2021-02-18 13:00:00,459.53168411872406,370.40209295772985,548.2620559847751,340.3286669895075
2021-02-18 14:00:00,523.1527100102586,350.8711000416059,617.7087818349278,336.19889597566646
2021-02-18 15:00:00,511.01891244035863,346.9100531822913,616.0868325148929,292.4083682651649
2021-02-18 16:00:00,401.1587529134493,303.94236939763647,530.5032515987265,218.03669675237074
2021-02-18 17:00:00,208.9434629827623,169.3874759119187,297.4177722448356,103.71708342504954
2021-02-18 18:00:00,59.634383489347556,42.924357644307406,87.09310238661746,32.33349095669599
2021-02-18 19:00:00,27.84254298957362,19.2165218315998,41.10356569393899,15.204471939188624
2021-02-18 20:00:00,17.098175188575976,12.565542306807783,33.76548537459393,12.520478985945298
2021-02-18 21:00:00,15.24024710683341,17.271275079132074,29.966122889548576,12.520478985945298
2021-02-18 22:00:00,15.661278408517148,17.271275079132074,29.966122889548576,12.520478985945298
2021-02-18 23:00:00,13.089752686672307,13.73908518475314,27.544051925931747,8.713447289715232
2021-02-18 24:00:00,13.089752686672307,13.459533634233066,26.295097425571505,8.569502838788543
2021-02-19 01:00:00,31.837839599655187,22.729187580516136,37.40430688804131,5.761917225198427
2021-02-19 02:00:00,33.23976887165801,17.737973861894005,38.29971420464707,5.761917225198427
2021-02-19 03:00:00,32.61732549122109,16.90832329288721,33.60810730925384,5.4614392635180495
2021-02-19 04:00:00,29.64704556099496,15.3477617710059,32.97211738247812,5.44586203079412
2021-02-19 05:00:00,27.606011239575086,14.822752030462082,36.16176609929313,5.336493775999406
2021-02-19 06:00:00,14.458432910120095,1.139291026687825,20.732083186939363,5.762321357553215
2021-02-19 07:00:00,11.639903022133076,1.9159615035605724,16.313521829276645,10.469496802001522
2021-02-19 08:00:00,24.375221844616913,6.497322779305985,20.797152890365837,21.741649670661513
2021-02-19 09:00:00,82.2264351221936,21.524548231265776,90.02699006100275,67.7535088342201
2021-02-19 10:00:00,212.10270893050148,101.79560646112242,244.16931528764383,179.55697781090305
2021-02-19 11:00:00,418.69781146856076,243.69901185848542,453.08254642180344,275.51365009225157
2021-02-19 12:00:00,519.3210760694644,288.9403558648903,560.542214827527,335.4571341597367
2021-02-19 13:00:00,565.2777427984512,301.69140661785724,613.7659299754056,337.7736560944045
2021-02-19 14:00:00,561.448755137574,301.52448102113766,605.0669670417898,333.04534292139783
2021-02-19 15:00:00,526.6854317938626,285.3648160429804,571.2139315247621,287.23184302288666
2021-02-19 16:00:00,396.92924228830157,260.2120274312699,505.0251636985349,208.93579707066786
2021-02-19 17:00:00,211.25999804593528,120.94072170074777,265.8531845721228,94.00748830445265
2021-02-19 18:00:00,46.204541294075334,11.542545581709076,60.488292469164215,30.087740002661334
2021-02-19 19:00:00,18.92254674699382,4.3355610279506855,20.621858001688288,11.169467600186236
2021-02-19 20:00:00,7.904351867644015,2.9091975100532266,15.255993344588928,8.665442187422554
2021-02-19 21:00:00,6.649490487475133,3.619567543407193,25.529497474990183,10.41739929844591
2021-02-19 22:00:00,6.97515677107485,8.315325754306663,32.64185605221632,11.0622623954344
2021-02-19 23:00:00,10.778254615106025,6.021476280422208,27.802516604217804,10.543663232276808
2021-02-19 24:00:00,9.84734692681163,2.878343268748901,26.121868742934858,11.886248794813001
2021-02-20 01:00:00,19.735563801562527,-9.080555471840205,21.475702296055907,11.998572824217732
2021-02-20 02:00:00,23.371701215993006,-4.586505051884482,24.68160594715917,11.998572824217732
2021-02-20 03:00:00,22.029301077297287,5.249630966232653,24.39381676898323,11.998572824217732
2021-02-20 04:00:00,12.981698599842552,3.9818782601017553,21.257742372600525,11.998572824217732
2021-02-20 05:00:00,13.431043096815772,6.408167853195317,21.365104553463674,9.390313237370014
2021-02-20 06:00:00,15.386374565223932,3.9188886924777258,16.047485846114583,9.092760308728549
2021-02-20 07:00:00,14.763334379385038,3.5699060778040854,15.067933997868947,14.470184696560176
2021-02-20 08:00:00,28.12505570347943,9.051966785286911,21.944828595851916,24.347404618617645
2021-02-20 09:00:00,120.3888801366713,79.3975501774792,119.27411338653772,92.63090661208264
2021-02-20 10:00:00,267.1527302475828,170.66466810188655,288.7899566103906,169.95448071400338
2021-02-20 11:00:00,437.9164550939825,284.9272784210674,492.35694314206154,250.2306579487783
2021-02-20 12:00:00,545.0581490239229,338.18621990336385,619.1192225995362,320.3153636984247
2021-02-20 13:00:00,598.9750608011195,373.6113936237695,670.449033168688,335.19342916138805
2021-02-20 14:00:00,599.8282837932549,363.04475948369566,690.8829304202754,329.8175510954952
2021-02-20 15:00:00,560.0727390284065,322.9767868375207,662.2845387981151,290.1546476829486
2021-02-20 16:00:00,404.96851107659006,287.5395255119141,537.9108395145873,222.83459353328567
2021-02-20 17:00:00,226.95432795675254,162.8146022567987,321.9036866815899,118.55942859365251
2021-02-20 18:00:00,59.66820576256869,38.723518858976874,97.75581399574384,40.2479524415152
2021-02-20 19:00:00,28.517475634969582,13.523280424462271,37.72743628783275,12.143984162717555
2021-02-20 20:00:00,10.759532666288269,4.219288438067531,21.66575286809988,10.94316051404634
2021-02-20 21:00:00,5.027728220908224,2.9091975100532266,15.328136544736266,11.547060379372535
2021-02-20 22:00:00,5.544868002092967,8.894987654322652,30.66299802548414,8.992954942807671
2021-02-20 23:00:00,5.62352768987535,8.894987654322652,31.428894919711258,8.625646819337327
2021-02-20 24:00:00,13.972559163810754,7.616194206503419,32.12267104835673,8.40984483538281
2021-02-21 01:00:00,13.933300631795118,0.7858348203014982,17.445171099314024,8.987655951587266
2021-02-21 02:00:00,13.933300631795118,0.7858348203014982,19.585844220740427,11.97442444789431
2021-02-21 03:00:00,13.740109840021182,0.7858348203014982,18.65099172474457,12.429876238267335
2021-02-21 04:00:00,13.82238507226112,0.7858348203014982,18.65099172474457,14.703003753143193
2021-02-21 05:00:00,13.82238507226112,0.7858348203014982,18.65099172474457,12.484576886241728
2021-02-21 06:00:00,14.015575864035055,0.7858348203014982,18.65099172474457,11.97442444789431
2021-02-21 07:00:00,14.015575864035055,0.7858348203014982,18.07644124511149,14.853512436971927
2021-02-21 08:00:00,35.09234921533331,11.082499109810232,27.180053697835866,28.859030360049385
2021-02-21 09:00:00,123.08764292998507,63.918871678854956,142.24982981455625,102.99431504438981
2021-02-21 10:00:00,259.31349005050714,141.28138837538623,283.64548735064574,178.98435975741106
2021-02-21 11:00:00,414.97867216042573,247.27302557621456,461.13207757062673,256.16104081907247
2021-02-21 12:00:00,478.58919684205256,282.93056739894485,530.246231313318,315.6542559883136
2021-02-21 13:00:00,516.642098724538,303.9919090605966,591.8984632052014,331.5508361054369
2021-02-21 14:00:00,516.4241491647484,302.85868687431105,589.5448524249671,326.1289954345376
2021-02-21 15:00:00,493.8425094103976,290.7294477505117,576.8981156069943,286.4934328309127
2021-02-21 16:00:00,389.2909093942101,265.49211862403024,497.64397376453144,223.33362505030618
2021-02-21 17:00:00,196.42824332495354,145.1414209663557,295.9565952944138,122.90965693391746
2021-02-21 18:00:00,45.06853197224029,38.51647547748575,72.1513591495905,44.08542500055219
2021-02-21 19:00:00,23.434633368428212,9.020584244857037,23.81862536800021,11.710327114090552
2021-02-21 20:00:00,9.376645535269477,0.4935188253169416,16.159373107891735,7.522050821213538
2021-02-21 21:00:00,9.954422174567936,1.3989609787297876,21.46217672823563,9.433135778454165
2021-02-21 22:00:00,9.257635053483531,8.66062190965301,30.999397552352416,9.889204031000173
2021-02-21 23:00:00,10.005328076941442,8.015305693046443,32.50880052798136,11.399228766592348
2021-02-21 24:00:00,10.005328076941442,8.080960009637025,34.61760385587556,11.399228766592348
2021-02-22 01:00:00,14.824476897722356,3.3653021143619184,24.490361081771297,17.834311398142876
2021-02-22 02:00:00,10.060824812401712,1.8736842514733416,24.2241402181727,18.566858095071787
2021-02-22 03:00:00,9.42611841487096,0.03139305739775909,22.785228890437942,14.808896267173102
2021-02-22 04:00:00,5.406964141934984,-1.99552806372692,20.07111515369929,13.89724316124807
2021-02-22 05:00:00,7.814932434387177,-0.9839316773046639,18.953014066158147,12.872229842526878
2021-02-22 06:00:00,9.038526257791586,2.244246059043533,19.58608244467962,9.50722869231312
2021-02-22 07:00:00,1.385302169763072,-1.0491592610522646,9.579905850200094,13.6630352593249
2021-02-22 08:00:00,25.29146460700653,8.440342812478391,18.5709480647632,31.9863389787603
2021-02-22 09:00:00,98.19782183567865,58.76848451527207,95.3809291317564,102.68744449799792
2021-02-22 10:00:00,257.4731493279737,152.5115947219593,271.3296929957874,162.67940729579632
2021-02-22 11:00:00,316.96406271090717,207.888384601933,364.7404952505754,227.73874274432342
2021-02-22 12:00:00,339.3024637157565,248.66481963780518,375.4566935778769,300.681312604786
2021-02-22 13:00:00,353.57831793507626,267.67393605355403,391.28145342075635,311.00597998850066
2021-02-22 14:00:00,507.2036380576944,344.26833871239825,569.0511952431016,313.4695842487102
2021-02-22 15:00:00,508.9670503072086,342.7797883926784,597.661747313867,278.75218566862134
2021-02-22 16:00:00,401.0335875909968,292.4365527542268,500.2832656269864,214.49919986034882
2021-02-22 17:00:00,220.5954549527013,158.33776938586067,297.51001393536006,119.61492194167072
2021-02-22 18:00:00,68.65717812068785,51.95049223597592,93.9437142802041,50.3330145579867
2021-02-22 19:00:00,35.51488756397898,25.216449260088893,42.03143692719823,18.837633101245267
2021-02-22 20:00:00,23.128022914171872,25.70639692781028,36.39381008795796,14.531946149186211
2021-02-22 21:00:00,23.611742358118036,28.58985727096249,38.186846251137766,14.682077309840963
2021-02-22 22:00:00,23.992973839582902,28.58985727096249,38.186846251137766,16.285413151522345
2021-02-22 23:00:00,24.78158728382613,28.58985727096249,38.186846251137766,16.402681248410847
2021-02-22 24:00:00,23.79259030469263,28.407715731688093,38.186846251137766,14.382131609737332
2021-02-23 01:00:00,40.123262374981145,44.71323145505297,77.26963690033931,20.85782816738304
2021-02-23 02:00:00,40.123262374981145,44.71323145505297,74.54807865056667,19.96204197195765
2021-02-23 03:00:00,40.455470376403206,44.71323145505297,74.54807865056667,16.629426163836154
2021-02-23 04:00:00,40.455470376403206,44.71323145505297,74.54807865056667,15.735815818557256
2021-02-23 05:00:00,40.455470376403206,44.71323145505297,65.87379421111964,15.735815818557256
2021-02-23 06:00:00,40.455470376403206,44.71323145505297,65.87379421111964,15.735815818557256
2021-02-23 07:00:00,39.33464893073792,44.71323145505297,65.87379421111964,20.043359990327698
2021-02-23 08:00:00,45.24300434263878,44.80633308037991,67.10120725918236,26.741349212798948
2021-02-23 09:00:00,99.16070444398011,62.86588184527024,114.7425787270924,73.04781655415862
2021-02-23 10:00:00,238.4108284853083,144.64027170758544,291.86613817345795,188.27946443708475
2021-02-23 11:00:00,439.7287474408592,273.19176356756043,515.9591576483668,273.82906753597575
2021-02-23 12:00:00,566.2335737108269,355.4682322807743,667.2188854423167,327.42057915336113
2021-02-23 13:00:00,591.2654922863321,377.47909969749577,694.5332514075521,302.1022573590542
2021-02-23 14:00:00,587.9761595869132,418.9487714384947,683.5800094231458,284.5308603756091
2021-02-23 15:00:00,507.8907914284362,382.3558115830963,617.2144159281422,213.59359997506033
2021-02-23 16:00:00,340.6900152188383,308.1341255149599,430.45439052999376,164.90000526764703
2021-02-23 17:00:00,171.22503454180543,152.78317995348505,217.1415064081098,78.72489468885351
2021-02-23 18:00:00,72.74047576318213,63.126099250195146,101.29894784145782,29.6173008100483
2021-02-23 19:00:00,41.085272838704036,32.5788331795897,51.07176586606159,10.948450250026315
2021-02-23 20:00:00,20.705381013470046,31.778090016251447,44.40115785832676,7.688600935755586
2021-02-23 21:00:00,18.738752089123516,30.99328843155289,44.40115785832676,7.8504316382584065
2021-02-23 22:00:00,19.432462375601254,30.99328843155289,49.60439290923383,10.089329287204816
2021-02-23 23:00:00,14.48519795294856,29.053364914831114,37.72088960803725,9.974916661071632
2021-02-23 24:00:00,14.48519795294856,29.4015906014521,37.31150869242584,10.005501277797052
2021-02-24 01:00:00,33.163081292548824,42.54504115133217,62.05714552853837,9.157755102603012
2021-02-24 02:00:00,34.04143165151711,40.066223084979164,62.35342180647148,7.276377386006545
2021-02-24 03:00:00,34.03520472494733,40.95230996873552,61.34823145744492,6.5931370337415105
2021-02-24 04:00:00,35.813115683099085,43.99544433591822,61.035338493487046,6.49504165551791
2021-02-24 05:00:00,35.813115683099085,43.99544433591822,61.035338493487046,6.49504165551791
2021-02-24 06:00:00,35.39808824637635,43.99544433591822,61.035338493487046,6.49504165551791
2021-02-24 07:00:00,35.39808824637635,43.64342065437868,60.390151533593766,11.031749076390327
2021-02-24 08:00:00,41.15835156947219,43.736522279705625,61.564194586058,23.024085140932314
2021-02-24 09:00:00,73.83964088909556,57.69886624713016,95.50697199096416,63.55018764202661
2021-02-24 10:00:00,180.58170021221358,128.203673003748,229.19664038598413,189.20775370910857
2021-02-24 11:00:00,314.23438277796754,250.54361235166562,412.83375112490785,222.39265603698877
2021-02-24 12:00:00,436.2616765042139,358.55982976821025,492.8107689077237,219.74322256715914
2021-02-24 13:00:00,460.5886228240137,375.7157198767874,512.5717687406122,172.10536497945506
2021-02-24 14:00:00,409.4995282865162,332.1520116921508,485.4323131791412,167.15398553150143
2021-02-24 15:00:00,389.9466900089072,307.3167582400325,473.78515504707855,142.4771685090538
2021-02-24 16:00:00,328.68845624392225,297.85312637053374,414.277218790819,106.60137295225903
2021-02-24 17:00:00,164.99411511066137,153.2252681727358,235.00285397859957,45.215665966218616
2021-02-24 18:00:00,54.12858263867571,59.57932511992454,68.34596647006734,15.39187966096054
2021-02-24 19:00:00,27.777956130914802,24.663435198665717,34.85671368001012,3.9305223931157705
2021-02-24 20:00:00,10.095808521679713,9.407237487438156,22.409016188882926,1.7759013337422633
2021-02-24 21:00:00,-0.5675057673024438,-0.8216712404547715,17.526280809044806,0.9029840923694937
2021-02-24 22:00:00,9.00664591675034,4.999510888660697,12.067545861515896,-0.7404272481565335
2021-02-24 23:00:00,8.609018282590743,6.504977255390608,13.311772542339611,-1.4651057244648698
2021-02-24 24:00:00,5.112656013410471,3.723866866090835,12.962391888982859,-1.5907097749212913
2021-02-25 01:00:00,12.661861026658846,2.0808370762042276,19.67898928423795,4.0094834742281495
2021-02-25 02:00:00,19.17163056345251,13.880384480673026,30.97935652909424,2.2127524486529655
2021-02-25 03:00:00,18.839864909903564,13.781086707083706,28.99618716939463,1.8910168869817583
2021-02-25 04:00:00,17.914889756303726,14.414472884137753,30.611217564830028,-1.6057361705056863
2021-02-25 05:00:00,17.10908430514097,14.414472884137753,30.202585960520622,-1.6057361705056863
2021-02-25 06:00:00,17.440849958689917,14.414472884137753,32.68175243235907,-1.6057361705056863
2021-02-25 07:00:00,2.7683338895954948,1.3502772593710959,17.52203104761721,1.8952200796834822
2021-02-25 08:00:00,24.5795550120674,14.630310862796822,34.085122231776985,5.526620515212551
2021-02-25 09:00:00,51.494216189354404,23.101337281934978,65.79097889785723,37.321760028155104
2021-02-25 10:00:00,161.66716961957093,97.28705389057188,190.85652474122531,90.47642832044482
2021-02-25 11:00:00,214.54768121136306,173.05057168455116,243.25182363688612,115.68782731011277
2021-02-25 12:00:00,228.5320336646748,199.81589115120843,226.17088491416808,144.21541663823317
2021-02-25 13:00:00,215.23750748744234,166.92850271732377,238.6057207433399,206.72533709319546
2021-02-25 14:00:00,269.84351448222657,174.61243966958529,280.4109062522258,184.19266841294427
2021-02-25 15:00:00,269.392957933681,172.36247101520706,283.0143409299488,149.57659585071679
2021-02-25 16:00:00,211.48770322697186,163.8287385111201,231.28659693261324,117.80494072974219
2021-02-25 17:00:00,119.00390654620124,87.66460359943859,164.9899629918267,42.81918599319249
2021-02-25 18:00:00,36.98854761375909,44.43841824881363,53.481094729198894,15.181253611097397
2021-02-25 19:00:00,14.487518716025043,19.941208209666847,27.107868769915214,-1.7520651704084718
2021-02-25 20:00:00,5.12812991977629,6.811498605690173,24.802517104693617,-3.987370413838757
2021-02-25 21:00:00,-4.097875065821567,-0.9530588198263248,18.630388508032155,-6.021046240800301
2021-02-25 22:00:00,3.643433696889138,2.425827964999119,26.357648823911347,-6.687712101070568
2021-02-25 23:00:00,3.9340620295815323,-0.17520227259235846,15.708899927195654,-7.055020224540892
2021-02-25 24:00:00,4.632179974753698,2.6742041950205624,14.462726128028288,-7.240747758668087
2021-02-26 01:00:00,28.93602465705048,18.224831142846792,35.347472064522655,-1.1057714323427041
2021-02-26 02:00:00,30.71874099858071,17.5534366881645,35.41025355661624,-1.1057714323427041
2021-02-26 03:00:00,30.71874099858071,18.260870127380567,34.91425644447742,-1.021490592783861
2021-02-26 04:00:00,31.33307370897499,16.677037721906895,35.53428525736743,-1.021490592783861
2021-02-26 05:00:00,30.051042909951708,16.677037721906895,34.10198038511924,-1.2331409725726308
2021-02-26 06:00:00,29.661487150388425,16.677037721906895,34.10198038511924,-2.954480889399512
2021-02-26 07:00:00,28.891135075010048,16.677037721906895,34.10198038511924,1.8904655151922967
2021-02-26 08:00:00,40.57068808320958,16.97112895289395,35.367754293528925,7.68031151962784
2021-02-26 09:00:00,95.48151214915977,40.414301870673434,97.5119866608106,37.175267618860026
2021-02-26 10:00:00,279.771651067139,141.4578799335288,273.2613599445221,76.26195586253824
2021-02-26 11:00:00,457.0925461535875,253.6698525759443,482.5994344807394,90.49120010496809
2021-02-26 12:00:00,545.6413419925818,305.76715275626583,572.4880788630333,124.4250533453059
2021-02-26 13:00:00,545.5222506548523,324.46387840052546,593.7762639462838,142.23307636405337
2021-02-26 14:00:00,530.5986881503875,328.9754266309501,608.74141638962,145.75393498376997
2021-02-26 15:00:00,504.08709721882224,314.4389382241797,575.418090425518,130.93612995621734
2021-02-26 16:00:00,383.3702149618679,265.3949819713127,490.63020036902213,116.22050039717526
2021-02-26 17:00:00,192.338474680274,142.30612376831755,270.7257034737494,41.74708926221336
2021-02-26 18:00:00,51.291370145611275,48.09650108818007,100.21797273796233,16.552422993946735
2021-02-26 19:00:00,39.44975779988065,20.890654804737885,47.37657720192628,3.4263115249652616
2021-02-26 20:00:00,23.308402946625563,18.177537106458885,33.53133146168506,1.4199124579157414
2021-02-26 21:00:00,22.842007961636746,20.282922134722554,33.05321754137547,1.4199124579157414
2021-02-26 22:00:00,24.19312977306108,12.851752832822639,32.73855980252813,1.4199124579157414
2021-02-26 23:00:00,16.161044125385782,9.67121308242978,26.611731877583754,3.757178385002027
2021-02-26 24:00:00,16.108204364767776,9.393131819256816,19.509161250726482,3.6274502958873316
2021-02-27 01:00:00,34.75299679416651,17.955233658533142,33.79763849321878,7.3822115932078525
2021-02-27 02:00:00,36.712848580097535,18.56336932415989,34.14034124546617,7.776059711652687
2021-02-27 03:00:00,32.052897579847546,17.028105419871796,32.18394580518092,7.776059711652687
2021-02-27 04:00:00,16.941795088923715,3.9639097951051516,19.503390892277494,5.682409313472706
2021-02-27 05:00:00,16.941795088923715,4.044714052717395,19.68303809110425,5.50284073400284
2021-02-27 06:00:00,15.599394950228026,4.472304302064471,19.395248912928324,5.90471498714482
2021-02-27 07:00:00,7.7392201272276795,4.731196396247329,16.247172879251053,10.936016400596861
2021-02-27 08:00:00,20.0322158660925,9.435719875244258,20.730803940340245,17.050971315570422
2021-02-27 09:00:00,111.22071364298309,42.805527803177746,104.94556947004507,45.82117656116512
2021-02-27 10:00:00,290.97414879214494,166.5038603436764,290.3446816364695,106.06980316685254
2021-02-27 11:00:00,448.4016775698577,256.9057999640871,477.4659750229759,137.36224658177235
2021-02-27 12:00:00,531.3364250763537,305.59005448164805,573.7179613221468,151.61320120063002
2021-02-27 13:00:00,537.9809511846711,310.8619306281883,585.3884786305489,167.87950256513915
2021-02-27 14:00:00,520.5024045732522,309.8909888831285,589.5353649271888,163.04175733034586
2021-02-27 15:00:00,489.86633698742554,314.98858651658315,570.8387924184922,142.34744090969542
2021-02-27 16:00:00,369.5167145594091,266.0961978050117,488.20499822416156,106.31541350341917
2021-02-27 17:00:00,177.01104954813061,142.0027905320548,265.44763170123775,48.995623435940324
2021-02-27 18:00:00,59.85111546625618,46.70494308986491,102.41860639625077,15.153469584811681
2021-02-27 19:00:00,27.4927594490408,20.542637113545055,49.57721086021471,5.102384037514268
2021-02-27 20:00:00,10.515954663427955,22.254465820739313,34.51233289404936,3.095984970464749
2021-02-27 21:00:00,10.305159912759514,14.846139432544712,28.01546626722165,3.095984970464749
2021-02-27 22:00:00,11.584983595834476,11.276204538157721,25.25123239798888,3.095984970464749
2021-02-27 23:00:00,-0.24366226771017332,8.145880854434125,19.61467350271403,3.095984970464749
2021-02-27 24:00:00,-1.6503626612179565,2.8843602146756537,15.642823895098402,3.6462952329825735
2021-02-28 01:00:00,24.890014472171977,21.134566274744813,40.076810461149115,5.135984824065859
2021-02-28 02:00:00,24.726536709618816,21.337508149772667,37.57020342076363,3.734110306982226
2021-02-28 03:00:00,19.411553364118827,18.749028857769837,31.582338845695844,3.438477637202298
2021-02-28 04:00:00,4.444321003815505,4.075073800720793,19.821188010817977,3.3611704712751593
2021-02-28 05:00:00,4.474306027104344,4.9858027853413445,18.901783932792405,2.612415053608234
2021-02-28 06:00:00,5.181274109122009,6.039018173056092,20.653548090627673,2.810562639256375
2021-02-28 07:00:00,6.592514803360417,6.487216475339065,23.655097338244992,4.91797338207365
2021-02-28 08:00:00,30.43294145940704,18.730086192749802,38.73725542086565,11.984855310545242
2021-02-28 09:00:00,71.38034735906695,38.16644312725553,80.70111683975995,55.05978668619281
2021-02-28 10:00:00,301.6931402969774,167.19590251765797,302.97420767672145,111.9150345963493
2021-02-28 11:00:00,449.7504061877634,261.03827433670324,500.8911515889598,158.70946257292678
2021-02-28 12:00:00,524.7181711745392,308.55204345303866,565.63347090724,187.84910841143233
2021-02-28 13:00:00,537.2928961895049,340.20774430394357,591.5394593980104,189.6601764966434
2021-02-28 14:00:00,469.08475490125466,333.12835461531716,541.8081248558447,182.44986444352566
2021-02-28 15:00:00,467.43844825866586,307.73745356060954,555.1393341426291,150.43421204854758
2021-02-28 16:00:00,307.8715017400613,285.7722763924857,423.4034719369212,127.47837081120178
2021-02-28 17:00:00,127.23678376085425,130.61472085717563,182.87479743200268,59.27840419381704
2021-02-28 18:00:00,49.76306765418318,51.459046182302075,51.335739230725345,26.284653402891596
2021-02-28 19:00:00,15.815609889289657,16.942670045659654,13.438660365666596,2.7786759071124623
2021-02-28 20:00:00,6.947431897377553,2.214308036187639,16.453919381336743,-0.2517795446531075
2021-02-28 21:00:00,-0.9424481982944106,6.4482849184440685,29.375729550639218,-2.892848042679325
2021-02-28 22:00:00,5.664310392445787,7.292786712567169,23.019360950442586,-3.284022808907865
2021-02-28 23:00:00,9.226221702362743,7.647039699766189,24.784317090129598,-3.856013388668698
2021-02-28 24:00:00,9.226221702362743,7.575558332218911,24.784317090129598,-3.4636595779249086
2021-06-09 01:00:00,0.0,0.0,0.0,0.0
2021-06-09 02:00:00,0.0,0.0,0.0,0.0
2021-06-09 03:00:00,0.0,0.0,0.0,0.0
2021-06-09 04:00:00,0.0,0.0,0.0,0.0
2021-06-09 05:00:00,0.0,0.0,0.0,0.0
2021-06-09 06:00:00,0.0,0.0,0.0,0.0
2021-06-09 07:00:00,0.0,0.0,0.0,0.0
2021-06-09 08:00:00,0.0,0.0,0.0,0.0
2021-06-09 09:00:00,0.0,0.0,0.0,0.0
2021-06-09 10:00:00,0.0,0.0,0.0,0.0
2021-06-09 11:00:00,0.0,0.0,0.0,0.0
2021-06-09 12:00:00,0.0,0.0,0.0,0.0
2021-06-09 13:00:00,0.0,0.0,0.0,0.0
2021-06-09 14:00:00,0.0,0.0,0.0,0.0
2021-06-09 15:00:00,0.0,0.0,0.0,0.0
2021-06-09 16:00:00,0.0,0.0,0.0,0.0
2021-06-09 17:00:00,0.0,0.0,0.0,0.0
2021-06-09 18:00:00,0.0,0.0,0.0,0.0
2021-06-09 19:00:00,0.0,0.0,0.0,0.0
2021-06-09 20:00:00,0.0,0.0,0.0,0.0
2021-06-09 21:00:00,0.0,0.0,0.0,0.0
2021-06-09 22:00:00,0.0,0.0,0.0,0.0
2021-06-09 23:00:00,0.0,0.0,0.0,0.0
2021-06-09 24:00:00,0.0,0.0,0.0,0.0
2021-06-10 01:00:00,0.0,0.0,0.0,0.0
2021-06-10 02:00:00,0.0,0.0,0.0,0.0
2021-06-10 03:00:00,0.0,0.0,0.0,0.0
2021-06-10 04:00:00,0.0,0.0,0.0,0.0
2021-06-10 05:00:00,0.0,0.0,0.0,0.0
2021-06-10 06:00:00,0.0,0.0,0.0,0.0
2021-06-10 07:00:00,0.0,0.0,0.0,0.0
2021-06-10 08:00:00,0.0,0.0,0.0,0.0
2021-06-10 09:00:00,0.0,0.0,0.0,0.0
2021-06-10 10:00:00,0.0,0.0,0.0,0.0
2021-06-10 11:00:00,0.0,0.0,0.0,0.0
2021-06-10 12:00:00,0.0,0.0,0.0,0.0
2021-06-10 13:00:00,0.0,0.0,0.0,0.0
2021-06-10 14:00:00,0.0,0.0,0.0,0.0
2021-06-10 15:00:00,0.0,0.0,0.0,0.0
2021-06-10 16:00:00,0.0,0.0,0.0,0.0
2021-06-10 17:00:00,0.0,0.0,0.0,0.0
2021-06-10 18:00:00,0.0,0.0,0.0,0.0
2021-06-10 19:00:00,0.0,0.0,0.0,0.0
2021-06-10 20:00:00,0.0,0.0,0.0,0.0
2021-06-10 21:00:00,0.0,0.0,0.0,0.0
2021-06-10 22:00:00,0.0,0.0,0.0,0.0
2021-06-10 23:00:00,0.0,0.0,0.0,0.0
2021-06-10 24:00:00,0.0,0.0,0.0,0.0
2021-06-11 01:00:00,0.0,0.0,0.0,0.0
2021-06-11 02:00:00,0.0,0.0,0.0,0.0
2021-06-11 03:00:00,0.0,0.0,0.0,0.0
2021-06-11 04:00:00,0.0,0.0,0.0,0.0
2021-06-11 05:00:00,0.0,0.0,0.0,0.0
2021-06-11 06:00:00,0.0,0.0,0.0,0.0
2021-06-11 07:00:00,0.0,0.0,0.0,0.0
2021-06-11 08:00:00,0.0,0.0,0.0,0.0
2021-06-11 09:00:00,0.0,0.0,0.0,0.0
2021-06-11 10:00:00,0.0,0.0,0.0,0.0
2021-06-11 11:00:00,0.0,0.0,0.0,0.0
2021-06-11 12:00:00,0.0,0.0,0.0,0.0
2021-06-11 13:00:00,0.0,0.0,0.0,0.0
2021-06-11 14:00:00,0.0,0.0,0.0,0.0
2021-06-11 15:00:00,0.0,0.0,0.0,0.0
2021-06-11 16:00:00,0.0,0.0,0.0,0.0
2021-06-11 17:00:00,0.0,0.0,0.0,0.0
2021-06-11 18:00:00,0.0,0.0,0.0,0.0
2021-06-11 19:00:00,0.0,0.0,0.0,0.0
2021-06-11 20:00:00,0.0,0.0,0.0,0.0
2021-06-11 21:00:00,0.0,0.0,0.0,0.0
2021-06-11 22:00:00,0.0,0.0,0.0,0.0
2021-06-11 23:00:00,0.0,0.0,0.0,0.0
2021-06-11 24:00:00,0.0,0.0,0.0,0.0
2021-06-12 01:00:00,0.0,0.0,0.0,0.0
2021-06-12 02:00:00,0.0,0.0,0.0,0.0
2021-06-12 03:00:00,0.0,0.0,0.0,0.0
2021-06-12 04:00:00,0.0,0.0,0.0,0.0
2021-06-12 05:00:00,0.0,0.0,0.0,0.0
2021-06-12 06:00:00,0.0,0.0,0.0,0.0
2021-06-12 07:00:00,0.0,0.0,0.0,0.0
2021-06-12 08:00:00,0.0,0.0,0.0,0.0
2021-06-12 09:00:00,0.0,0.0,0.0,0.0
2021-06-12 10:00:00,0.0,0.0,0.0,0.0
2021-06-12 11:00:00,0.0,0.0,0.0,0.0
2021-06-12 12:00:00,0.0,0.0,0.0,0.0
2021-06-12 13:00:00,0.0,0.0,0.0,0.0
2021-06-12 14:00:00,0.0,0.0,0.0,0.0
2021-06-12 15:00:00,0.0,0.0,0.0,0.0
2021-06-12 16:00:00,0.0,0.0,0.0,0.0
2021-06-12 17:00:00,0.0,0.0,0.0,0.0
2021-06-12 18:00:00,0.0,0.0,0.0,0.0
2021-06-12 19:00:00,0.0,0.0,0.0,0.0
2021-06-12 20:00:00,0.0,0.0,0.0,0.0
2021-06-12 21:00:00,0.0,0.0,0.0,0.0
2021-06-12 22:00:00,0.0,0.0,0.0,0.0
2021-06-12 23:00:00,0.0,0.0,0.0,0.0
2021-06-12 24:00:00,0.0,0.0,0.0,0.0
2021-06-13 01:00:00,0.0,0.0,0.0,0.0
2021-06-13 02:00:00,0.0,0.0,0.0,0.0
2021-06-13 03:00:00,0.0,0.0,0.0,0.0
2021-06-13 04:00:00,0.0,0.0,0.0,0.0
2021-06-13 05:00:00,0.0,0.0,0.0,0.0
2021-06-13 06:00:00,0.0,0.0,0.0,0.0
2021-06-13 07:00:00,0.0,0.0,0.0,0.0
2021-06-13 08:00:00,0.0,0.0,0.0,0.0
2021-06-13 09:00:00,0.0,0.0,0.0,0.0
2021-06-13 10:00:00,0.0,0.0,0.0,0.0
2021-06-13 11:00:00,0.0,0.0,0.0,0.0
2021-06-13 12:00:00,0.0,0.0,0.0,0.0
2021-06-13 13:00:00,0.0,0.0,0.0,0.0
2021-06-13 14:00:00,0.0,0.0,0.0,0.0
2021-06-13 15:00:00,0.0,0.0,0.0,0.0
2021-06-13 16:00:00,0.0,0.0,0.0,0.0
2021-06-13 17:00:00,0.0,0.0,0.0,0.0
2021-06-13 18:00:00,0.0,0.0,0.0,0.0
2021-06-13 19:00:00,0.0,0.0,0.0,0.0
2021-06-13 20:00:00,0.0,0.0,0.0,0.0
2021-06-13 21:00:00,0.0,0.0,0.0,0.0
2021-06-13 22:00:00,0.0,0.0,0.0,0.0
2021-06-13 23:00:00,0.0,0.0,0.0,0.0
2021-06-13 24:00:00,0.0,0.0,0.0,0.0
2021-06-14 01:00:00,0.0,0.0,0.0,0.0
2021-06-14 02:00:00,0.0,0.0,0.0,0.0
2021-06-14 03:00:00,0.0,0.0,0.0,0.0
2021-06-14 04:00:00,0.0,0.0,0.0,0.0
2021-06-14 05:00:00,0.0,0.0,0.0,0.0
2021-06-14 06:00:00,0.0,0.0,0.0,0.0
2021-06-14 07:00:00,0.0,0.0,0.0,0.0
2021-06-14 08:00:00,0.0,0.0,0.0,0.0
2021-06-14 09:00:00,0.0,0.0,0.0,0.0
2021-06-14 10:00:00,0.0,0.0,0.0,0.0
2021-06-14 11:00:00,0.0,0.0,0.0,0.0
2021-06-14 12:00:00,0.0,0.0,0.0,0.0
2021-06-14 13:00:00,0.0,0.0,0.0,0.0
2021-06-14 14:00:00,0.0,0.0,0.0,0.0
2021-06-14 15:00:00,0.0,0.0,0.0,0.0
2021-06-14 16:00:00,0.0,0.0,0.0,0.0
2021-06-14 17:00:00,0.0,0.0,0.0,0.0
2021-06-14 18:00:00,0.0,0.0,0.0,0.0
2021-06-14 19:00:00,0.0,0.0,0.0,0.0
2021-06-14 20:00:00,0.0,0.0,0.0,0.0
2021-06-14 21:00:00,0.0,0.0,0.0,0.0
2021-06-14 22:00:00,0.0,0.0,0.0,0.0
2021-06-14 23:00:00,0.0,0.0,0.0,0.0
2021-06-14 24:00:00,0.0,0.0,0.0,0.0
2021-06-15 01:00:00,0.0,0.0,0.0,0.0
2021-06-15 02:00:00,0.0,0.0,0.0,0.0
2021-06-15 03:00:00,0.0,0.0,0.0,0.0
2021-06-15 04:00:00,0.0,0.0,0.0,0.0
2021-06-15 05:00:00,0.0,0.0,0.0,0.0
2021-06-15 06:00:00,0.0,0.0,0.0,0.0
2021-06-15 07:00:00,0.0,0.0,0.0,0.0
2021-06-15 08:00:00,0.0,0.0,0.0,0.0
2021-06-15 09:00:00,0.0,0.0,0.0,0.0
2021-06-15 10:00:00,0.0,0.0,0.0,0.0
2021-06-15 11:00:00,0.0,0.0,0.0,0.0
2021-06-15 12:00:00,0.0,0.0,0.0,0.0
2021-06-15 13:00:00,0.0,0.0,0.0,0.0
2021-06-15 14:00:00,0.0,0.0,0.0,0.0
2021-06-15 15:00:00,0.0,0.0,0.0,0.0
2021-06-15 16:00:00,0.0,0.0,0.0,0.0
2021-06-15 17:00:00,0.0,0.0,0.0,0.0
2021-06-15 18:00:00,0.0,0.0,0.0,0.0
2021-06-15 19:00:00,0.0,0.0,0.0,0.0
2021-06-15 20:00:00,0.0,0.0,0.0,0.0
2021-06-15 21:00:00,0.0,0.0,0.0,0.0
2021-06-15 22:00:00,0.0,0.0,0.0,0.0
2021-06-15 23:00:00,0.0,0.0,0.0,0.0
2021-06-15 24:00:00,0.0,0.0,0.0,0.0
2021-06-16 01:00:00,0.0,0.0,0.0,0.0
2021-06-16 02:00:00,0.0,0.0,0.0,0.0
2021-06-16 03:00:00,0.0,0.0,0.0,0.0
2021-06-16 04:00:00,0.0,0.0,0.0,0.0
2021-06-16 05:00:00,0.0,0.0,0.0,0.0
2021-06-16 06:00:00,0.0,0.0,0.0,0.0
2021-06-16 07:00:00,0.0,0.0,0.0,0.0
2021-06-16 08:00:00,0.0,0.0,0.0,0.0
2021-06-16 09:00:00,0.0,0.0,0.0,0.0
2021-06-16 10:00:00,0.0,0.0,0.0,0.0
2021-06-16 11:00:00,0.0,0.0,0.0,0.0
2021-06-16 12:00:00,0.0,0.0,0.0,0.0
2021-06-16 13:00:00,0.0,0.0,0.0,0.0
2021-06-16 14:00:00,0.0,0.0,0.0,0.0
2021-06-16 15:00:00,0.0,0.0,0.0,0.0
2021-06-16 16:00:00,0.0,0.0,0.0,0.0
2021-06-16 17:00:00,0.0,0.0,0.0,0.0
2021-06-16 18:00:00,0.0,0.0,0.0,0.0
2021-06-16 19:00:00,0.0,0.0,0.0,0.0
2021-06-16 20:00:00,0.0,0.0,0.0,0.0
2021-06-16 21:00:00,0.0,0.0,0.0,0.0
2021-06-16 22:00:00,0.0,0.0,0.0,0.0
2021-06-16 23:00:00,0.0,0.0,0.0,0.0
2021-06-16 24:00:00,0.0,0.0,0.0,0.0
2021-06-17 01:00:00,0.0,0.0,0.0,0.0
2021-06-17 02:00:00,0.0,0.0,0.0,0.0
2021-06-17 03:00:00,0.0,0.0,0.0,0.0
2021-06-17 04:00:00,0.0,0.0,0.0,0.0
2021-06-17 05:00:00,0.0,0.0,0.0,0.0
2021-06-17 06:00:00,0.0,0.0,0.0,0.0
2021-06-17 07:00:00,0.0,0.0,0.0,0.0
2021-06-17 08:00:00,0.0,0.0,0.0,0.0
2021-06-17 09:00:00,0.0,0.0,0.0,0.0
2021-06-17 10:00:00,0.0,0.0,0.0,0.0
2021-06-17 11:00:00,0.0,0.0,0.0,0.0
2021-06-17 12:00:00,0.0,0.0,0.0,0.0
2021-06-17 13:00:00,0.0,0.0,0.0,0.0
2021-06-17 14:00:00,0.0,0.0,0.0,0.0
2021-06-17 15:00:00,0.0,0.0,0.0,0.0
2021-06-17 16:00:00,0.0,0.0,0.0,0.0
2021-06-17 17:00:00,0.0,0.0,0.0,0.0
2021-06-17 18:00:00,0.0,0.0,0.0,0.0
2021-06-17 19:00:00,0.0,0.0,0.0,0.0
2021-06-17 20:00:00,0.0,0.0,0.0,0.0
2021-06-17 21:00:00,0.0,0.0,0.0,0.0
2021-06-17 22:00:00,0.0,0.0,0.0,0.0
2021-06-17 23:00:00,0.0,0.0,0.0,0.0
2021-06-17 24:00:00,0.0,0.0,0.0,0.0
2021-06-18 01:00:00,0.0,0.0,0.0,0.0
2021-06-18 02:00:00,0.0,0.0,0.0,0.0
2021-06-18 03:00:00,0.0,0.0,0.0,0.0
2021-06-18 04:00:00,0.0,0.0,0.0,0.0
2021-06-18 05:00:00,0.0,0.0,0.0,0.0
2021-06-18 06:00:00,0.0,0.0,0.0,0.0
2021-06-18 07:00:00,0.0,0.0,0.0,0.0
2021-06-18 08:00:00,0.0,0.0,0.0,0.0
2021-06-18 09:00:00,0.0,0.0,0.0,0.0
2021-06-18 10:00:00,0.0,0.0,0.0,0.0
2021-06-18 11:00:00,0.0,0.0,0.0,0.0
2021-06-18 12:00:00,0.0,0.0,0.0,0.0
2021-06-18 13:00:00,0.0,0.0,0.0,0.0
2021-06-18 14:00:00,0.0,0.0,0.0,0.0
2021-06-18 15:00:00,0.0,0.0,0.0,0.0
2021-06-18 16:00:00,0.0,0.0,0.0,0.0
2021-06-18 17:00:00,0.0,0.0,0.0,0.0
2021-06-18 18:00:00,0.0,0.0,0.0,0.0
2021-06-18 19:00:00,0.0,0.0,0.0,0.0
2021-06-18 20:00:00,0.0,0.0,0.0,0.0
2021-06-18 21:00:00,0.0,0.0,0.0,0.0
2021-06-18 22:00:00,0.0,0.0,0.0,0.0
2021-06-18 23:00:00,0.0,0.0,0.0,0.0
2021-06-18 24:00:00,0.0,0.0,0.0,0.0
2021-06-19 01:00:00,0.0,0.0,0.0,0.0
2021-06-19 02:00:00,0.0,0.0,0.0,0.0
2021-06-19 03:00:00,0.0,0.0,0.0,0.0
2021-06-19 04:00:00,0.0,0.0,0.0,0.0
2021-06-19 05:00:00,0.0,0.0,0.0,0.0
2021-06-19 06:00:00,0.0,0.0,0.0,0.0
2021-06-19 07:00:00,0.0,0.0,0.0,0.0
2021-06-19 08:00:00,0.0,0.0,0.0,0.0
2021-06-19 09:00:00,0.0,0.0,0.0,0.0
2021-06-19 10:00:00,0.0,0.0,0.0,0.0
2021-06-19 11:00:00,0.0,0.0,0.0,0.0
2021-06-19 12:00:00,0.0,0.0,0.0,0.0
2021-06-19 13:00:00,0.0,0.0,0.0,0.0
2021-06-19 14:00:00,0.0,0.0,0.0,0.0
2021-06-19 15:00:00,0.0,0.0,0.0,0.0
2021-06-19 16:00:00,0.0,0.0,0.0,0.0
2021-06-19 17:00:00,0.0,0.0,0.0,0.0
2021-06-19 18:00:00,0.0,0.0,0.0,0.0
2021-06-19 19:00:00,0.0,0.0,0.0,0.0
2021-06-19 20:00:00,0.0,0.0,0.0,0.0
2021-06-19 21:00:00,0.0,0.0,0.0,0.0
2021-06-19 22:00:00,0.0,0.0,0.0,0.0
2021-06-19 23:00:00,0.0,0.0,0.0,0.0
2021-06-19 24:00:00,0.0,0.0,0.0,0.0
2021-06-20 01:00:00,0.0,0.0,0.0,0.0
2021-06-20 02:00:00,0.0,0.0,0.0,0.0
2021-06-20 03:00:00,0.0,0.0,0.0,0.0
2021-06-20 04:00:00,0.0,0.0,0.0,0.0
2021-06-20 05:00:00,0.0,0.0,0.0,0.0
2021-06-20 06:00:00,0.0,0.0,0.0,0.0
2021-06-20 07:00:00,0.0,0.0,0.0,0.0
2021-06-20 08:00:00,0.0,0.0,0.0,0.0
2021-06-20 09:00:00,0.0,0.0,0.0,0.0
2021-06-20 10:00:00,0.0,0.0,0.0,0.0
2021-06-20 11:00:00,0.0,0.0,0.0,0.0
2021-06-20 12:00:00,0.0,0.0,0.0,0.0
2021-06-20 13:00:00,0.0,0.0,0.0,0.0
2021-06-20 14:00:00,0.0,0.0,0.0,0.0
2021-06-20 15:00:00,0.0,0.0,0.0,0.0
2021-06-20 16:00:00,0.0,0.0,0.0,0.0
2021-06-20 17:00:00,0.0,0.0,0.0,0.0
2021-06-20 18:00:00,0.0,0.0,0.0,0.0
2021-06-20 19:00:00,0.0,0.0,0.0,0.0
2021-06-20 20:00:00,0.0,0.0,0.0,0.0
2021-06-20 21:00:00,0.0,0.0,0.0,0.0
2021-06-20 22:00:00,0.0,0.0,0.0,0.0
2021-06-20 23:00:00,0.0,0.0,0.0,0.0
2021-06-20 24:00:00,0.0,0.0,0.0,0.0
2021-06-21 01:00:00,0.0,0.0,0.0,0.0
2021-06-21 02:00:00,0.0,0.0,0.0,0.0
2021-06-21 03:00:00,0.0,0.0,0.0,0.0
2021-06-21 04:00:00,0.0,0.0,0.0,0.0
2021-06-21 05:00:00,0.0,0.0,0.0,0.0
2021-06-21 06:00:00,0.0,0.0,0.0,0.0
2021-06-21 07:00:00,0.0,0.0,0.0,0.0
2021-06-21 08:00:00,0.0,0.0,0.0,0.0
2021-06-21 09:00:00,0.0,0.0,0.0,0.0
2021-06-21 10:00:00,0.0,0.0,0.0,0.0
2021-06-21 11:00:00,0.0,0.0,0.0,0.0
2021-06-21 12:00:00,0.0,0.0,0.0,0.0
2021-06-21 13:00:00,0.0,0.0,0.0,0.0
2021-06-21 14:00:00,0.0,0.0,0.0,0.0
2021-06-21 15:00:00,0.0,0.0,0.0,0.0
2021-06-21 16:00:00,0.0,0.0,0.0,0.0
2021-06-21 17:00:00,0.0,0.0,0.0,0.0
2021-06-21 18:00:00,0.0,0.0,0.0,0.0
2021-06-21 19:00:00,0.0,0.0,0.0,0.0
2021-06-21 20:00:00,0.0,0.0,0.0,0.0
2021-06-21 21:00:00,0.0,0.0,0.0,0.0
2021-06-21 22:00:00,0.0,0.0,0.0,0.0
2021-06-21 23:00:00,0.0,0.0,0.0,0.0
2021-06-21 24:00:00,0.0,0.0,0.0,0.0
2021-06-22 01:00:00,0.0,0.0,0.0,0.0
2021-06-22 02:00:00,0.0,0.0,0.0,0.0
2021-06-22 03:00:00,0.0,0.0,0.0,0.0
2021-06-22 04:00:00,0.0,0.0,0.0,0.0
2021-06-22 05:00:00,0.0,0.0,0.0,0.0
2021-06-22 06:00:00,0.0,0.0,0.0,0.0
2021-06-22 07:00:00,0.0,0.0,0.0,0.0
2021-06-22 08:00:00,0.0,0.0,0.0,0.0
2021-06-22 09:00:00,0.0,0.0,0.0,0.0
2021-06-22 10:00:00,0.0,0.0,0.0,0.0
2021-06-22 11:00:00,0.0,0.0,0.0,0.0
2021-06-22 12:00:00,0.0,0.0,0.0,0.0
2021-06-22 13:00:00,0.0,0.0,0.0,0.0
2021-06-22 14:00:00,0.0,0.0,0.0,0.0
2021-06-22 15:00:00,0.0,0.0,0.0,0.0
2021-06-22 16:00:00,0.0,0.0,0.0,0.0
2021-06-22 17:00:00,0.0,0.0,0.0,0.0
2021-06-22 18:00:00,0.0,0.0,0.0,0.0
2021-06-22 19:00:00,0.0,0.0,0.0,0.0
2021-06-22 20:00:00,0.0,0.0,0.0,0.0
2021-06-22 21:00:00,0.0,0.0,0.0,0.0
2021-06-22 22:00:00,0.0,0.0,0.0,0.0
2021-06-22 23:00:00,0.0,0.0,0.0,0.0
2021-06-22 24:00:00,0.0,0.0,0.0,0.0
2021-06-23 01:00:00,0.0,0.0,0.0,0.0
2021-06-23 02:00:00,0.0,0.0,0.0,0.0
2021-06-23 03:00:00,0.0,0.0,0.0,0.0
2021-06-23 04:00:00,0.0,0.0,0.0,0.0
2021-06-23 05:00:00,0.0,0.0,0.0,0.0
2021-06-23 06:00:00,0.0,0.0,0.0,0.0
2021-06-23 07:00:00,0.0,0.0,0.0,0.0
2021-06-23 08:00:00,0.0,0.0,0.0,0.0
2021-06-23 09:00:00,0.0,0.0,0.0,0.0
2021-06-23 10:00:00,0.0,0.0,0.0,0.0
2021-06-23 11:00:00,0.0,0.0,0.0,0.0
2021-06-23 12:00:00,0.0,0.0,0.0,0.0
2021-06-23 13:00:00,0.0,0.0,0.0,0.0
2021-06-23 14:00:00,0.0,0.0,0.0,0.0
2021-06-23 15:00:00,0.0,0.0,0.0,0.0
2021-06-23 16:00:00,0.0,0.0,0.0,0.0
2021-06-23 17:00:00,0.0,0.0,0.0,0.0
2021-06-23 18:00:00,0.0,0.0,0.0,0.0
2021-06-23 19:00:00,0.0,0.0,0.0,0.0
2021-06-23 20:00:00,0.0,0.0,0.0,0.0
2021-06-23 21:00:00,0.0,0.0,0.0,0.0
2021-06-23 22:00:00,0.0,0.0,0.0,0.0
2021-06-23 23:00:00,0.0,0.0,0.0,0.0
2021-06-23 24:00:00,0.0,0.0,0.0,0.0
2021-06-24 01:00:00,0.0,0.0,0.0,0.0
2021-06-24 02:00:00,0.0,0.0,0.0,0.0
2021-06-24 03:00:00,0.0,0.0,0.0,0.0
2021-06-24 04:00:00,0.0,0.0,0.0,0.0
2021-06-24 05:00:00,0.0,0.0,0.0,0.0
2021-06-24 06:00:00,0.0,0.0,0.0,0.0
2021-06-24 07:00:00,0.0,0.0,0.0,0.0
2021-06-24 08:00:00,0.0,0.0,0.0,0.0
2021-06-24 09:00:00,0.0,0.0,0.0,0.0
2021-06-24 10:00:00,0.0,0.0,0.0,0.0
2021-06-24 11:00:00,0.0,0.0,0.0,0.0
2021-06-24 12:00:00,0.0,0.0,0.0,0.0
2021-06-24 13:00:00,0.0,0.0,0.0,0.0
2021-06-24 14:00:00,0.0,0.0,0.0,0.0
2021-06-24 15:00:00,0.0,0.0,0.0,0.0
2021-06-24 16:00:00,0.0,0.0,0.0,0.0
2021-06-24 17:00:00,0.0,0.0,0.0,0.0
2021-06-24 18:00:00,0.0,0.0,0.0,0.0
2021-06-24 19:00:00,0.0,0.0,0.0,0.0
2021-06-24 20:00:00,0.0,0.0,0.0,0.0
2021-06-24 21:00:00,0.0,0.0,0.0,0.0
2021-06-24 22:00:00,0.0,0.0,0.0,0.0
2021-06-24 23:00:00,0.0,0.0,0.0,0.0
2021-06-24 24:00:00,0.0,0.0,0.0,0.0
2021-06-25 01:00:00,0.0,0.0,0.0,0.0
2021-06-25 02:00:00,0.0,0.0,0.0,0.0
2021-06-25 03:00:00,0.0,0.0,0.0,0.0
2021-06-25 04:00:00,0.0,0.0,0.0,0.0
2021-06-25 05:00:00,0.0,0.0,0.0,0.0
2021-06-25 06:00:00,0.0,0.0,0.0,0.0
2021-06-25 07:00:00,0.0,0.0,0.0,0.0
2021-06-25 08:00:00,0.0,0.0,0.0,0.0
2021-06-25 09:00:00,0.0,0.0,0.0,0.0
2021-06-25 10:00:00,0.0,0.0,0.0,0.0
2021-06-25 11:00:00,0.0,0.0,0.0,0.0
2021-06-25 12:00:00,0.0,0.0,0.0,0.0
2021-06-25 13:00:00,0.0,0.0,0.0,0.0
2021-06-25 14:00:00,0.0,0.0,0.0,0.0
2021-06-25 15:00:00,0.0,0.0,0.0,0.0
2021-06-25 16:00:00,0.0,0.0,0.0,0.0
2021-06-25 17:00:00,0.0,0.0,0.0,0.0
2021-06-25 18:00:00,0.0,0.0,0.0,0.0
2021-06-25 19:00:00,0.0,0.0,0.0,0.0
2021-06-25 20:00:00,0.0,0.0,0.0,0.0
2021-06-25 21:00:00,0.0,0.0,0.0,0.0
2021-06-25 22:00:00,0.0,0.0,0.0,0.0
2021-06-25 23:00:00,0.0,0.0,0.0,0.0
2021-06-25 24:00:00,0.0,0.0,0.0,0.0
2021-06-26 01:00:00,0.0,0.0,0.0,0.0
2021-06-26 02:00:00,0.0,0.0,0.0,0.0
2021-06-26 03:00:00,0.0,0.0,0.0,0.0
2021-06-26 04:00:00,0.0,0.0,0.0,0.0
2021-06-26 05:00:00,0.0,0.0,0.0,0.0
2021-06-26 06:00:00,0.0,0.0,0.0,0.0
2021-06-26 07:00:00,0.0,0.0,0.0,0.0
2021-06-26 08:00:00,0.0,0.0,0.0,0.0
2021-06-26 09:00:00,0.0,0.0,0.0,0.0
2021-06-26 10:00:00,0.0,0.0,0.0,0.0
2021-06-26 11:00:00,0.0,0.0,0.0,0.0
2021-06-26 12:00:00,0.0,0.0,0.0,0.0
2021-06-26 13:00:00,0.0,0.0,0.0,0.0
2021-06-26 14:00:00,0.0,0.0,0.0,0.0
2021-06-26 15:00:00,0.0,0.0,0.0,0.0
2021-06-26 16:00:00,0.0,0.0,0.0,0.0
2021-06-26 17:00:00,0.0,0.0,0.0,0.0
2021-06-26 18:00:00,0.0,0.0,0.0,0.0
2021-06-26 19:00:00,0.0,0.0,0.0,0.0
2021-06-26 20:00:00,0.0,0.0,0.0,0.0
2021-06-26 21:00:00,0.0,0.0,0.0,0.0
2021-06-26 22:00:00,0.0,0.0,0.0,0.0
2021-06-26 23:00:00,0.0,0.0,0.0,0.0
2021-06-26 24:00:00,0.0,0.0,0.0,0.0
2021-06-27 01:00:00,0.0,0.0,0.0,0.0
2021-06-27 02:00:00,0.0,0.0,0.0,0.0
2021-06-27 03:00:00,0.0,0.0,0.0,0.0
2021-06-27 04:00:00,0.0,0.0,0.0,0.0
2021-06-27 05:00:00,0.0,0.0,0.0,0.0
2021-06-27 06:00:00,0.0,0.0,0.0,0.0
2021-06-27 07:00:00,0.0,0.0,0.0,0.0
2021-06-27 08:00:00,0.0,0.0,0.0,0.0
2021-06-27 09:00:00,0.0,0.0,0.0,0.0
2021-06-27 10:00:00,0.0,0.0,0.0,0.0
2021-06-27 11:00:00,0.0,0.0,0.0,0.0
2021-06-27 12:00:00,0.0,0.0,0.0,0.0
2021-06-27 13:00:00,0.0,0.0,0.0,0.0
2021-06-27 14:00:00,0.0,0.0,0.0,0.0
2021-06-27 15:00:00,0.0,0.0,0.0,0.0
2021-06-27 16:00:00,0.0,0.0,0.0,0.0
2021-06-27 17:00:00,0.0,0.0,0.0,0.0
2021-06-27 18:00:00,0.0,0.0,0.0,0.0
2021-06-27 19:00:00,0.0,0.0,0.0,0.0
2021-06-27 20:00:00,0.0,0.0,0.0,0.0
2021-06-27 21:00:00,0.0,0.0,0.0,0.0
2021-06-27 22:00:00,0.0,0.0,0.0,0.0
2021-06-27 23:00:00,0.0,0.0,0.0,0.0
2021-06-27 24:00:00,0.0,0.0,0.0,0.0
2021-06-28 01:00:00,0.0,0.0,0.0,0.0
2021-06-28 02:00:00,0.0,0.0,0.0,0.0
2021-06-28 03:00:00,0.0,0.0,0.0,0.0
2021-06-28 04:00:00,0.0,0.0,0.0,0.0
2021-06-28 05:00:00,0.0,0.0,0.0,0.0
2021-06-28 06:00:00,0.0,0.0,0.0,0.0
2021-06-28 07:00:00,0.0,0.0,0.0,0.0
2021-06-28 08:00:00,0.0,0.0,0.0,0.0
2021-06-28 09:00:00,0.0,0.0,0.0,0.0
2021-06-28 10:00:00,0.0,0.0,0.0,0.0
2021-06-28 11:00:00,0.0,0.0,0.0,0.0
2021-06-28 12:00:00,0.0,0.0,0.0,0.0
2021-06-28 13:00:00,0.0,0.0,0.0,0.0
2021-06-28 14:00:00,0.0,0.0,0.0,0.0
2021-06-28 15:00:00,0.0,0.0,0.0,0.0
2021-06-28 16:00:00,0.0,0.0,0.0,0.0
2021-06-28 17:00:00,0.0,0.0,0.0,0.0
2021-06-28 18:00:00,0.0,0.0,0.0,0.0
2021-06-28 19:00:00,0.0,0.0,0.0,0.0
2021-06-28 20:00:00,0.0,0.0,0.0,0.0
2021-06-28 21:00:00,0.0,0.0,0.0,0.0
2021-06-28 22:00:00,0.0,0.0,0.0,0.0
2021-06-28 23:00:00,0.0,0.0,0.0,0.0
2021-06-28 24:00:00,0.0,0.0,0.0,0.0
2021-06-29 01:00:00,0.0,0.0,0.0,0.0
2021-06-29 02:00:00,0.0,0.0,0.0,0.0
2021-06-29 03:00:00,0.0,0.0,0.0,0.0
2021-06-29 04:00:00,0.0,0.0,0.0,0.0
2021-06-29 05:00:00,0.0,0.0,0.0,0.0
2021-06-29 06:00:00,0.0,0.0,0.0,0.0
2021-06-29 07:00:00,0.0,0.0,0.0,0.0
2021-06-29 08:00:00,0.0,0.0,0.0,0.0
2021-06-29 09:00:00,0.0,0.0,0.0,0.0
2021-06-29 10:00:00,0.0,0.0,0.0,0.0
2021-06-29 11:00:00,0.0,0.0,0.0,0.0
2021-06-29 12:00:00,0.0,0.0,0.0,0.0
2021-06-29 13:00:00,0.0,0.0,0.0,0.0
2021-06-29 14:00:00,0.0,0.0,0.0,0.0
2021-06-29 15:00:00,0.0,0.0,0.0,0.0
2021-06-29 16:00:00,0.0,0.0,0.0,0.0
2021-06-29 17:00:00,0.0,0.0,0.0,0.0
2021-06-29 18:00:00,0.0,0.0,0.0,0.0
2021-06-29 19:00:00,0.0,0.0,0.0,0.0
2021-06-29 20:00:00,0.0,0.0,0.0,0.0
2021-06-29 21:00:00,0.0,0.0,0.0,0.0
2021-06-29 22:00:00,0.0,0.0,0.0,0.0
2021-06-29 23:00:00,0.0,0.0,0.0,0.0
2021-06-29 24:00:00,0.0,0.0,0.0,0.0
2021-06-30 01:00:00,0.0,0.0,0.0,0.0
2021-06-30 02:00:00,0.0,0.0,0.0,0.0
2021-06-30 03:00:00,0.0,0.0,0.0,0.0
2021-06-30 04:00:00,0.0,0.0,0.0,0.0
2021-06-30 05:00:00,0.0,0.0,0.0,0.0
2021-06-30 06:00:00,0.0,0.0,0.0,0.0
2021-06-30 07:00:00,0.0,0.0,0.0,0.0
2021-06-30 08:00:00,0.0,0.0,0.0,0.0
2021-06-30 09:00:00,0.0,0.0,0.0,0.0
2021-06-30 10:00:00,0.0,0.0,0.0,0.0
2021-06-30 11:00:00,0.0,0.0,0.0,0.0
2021-06-30 12:00:00,0.0,0.0,0.0,0.0
2021-06-30 13:00:00,0.0,0.0,0.0,0.0
2021-06-30 14:00:00,0.0,0.0,0.0,0.0
2021-06-30 15:00:00,0.0,0.0,0.0,0.0
2021-06-30 16:00:00,0.0,0.0,0.0,0.0
2021-06-30 17:00:00,0.0,0.0,0.0,0.0
2021-06-30 18:00:00,0.0,0.0,0.0,0.0
2021-06-30 19:00:00,0.0,0.0,0.0,0.0
2021-06-30 20:00:00,0.0,0.0,0.0,0.0
2021-06-30 21:00:00,0.0,0.0,0.0,0.0
2021-06-30 22:00:00,0.0,0.0,0.0,0.0
2021-06-30 23:00:00,0.0,0.0,0.0,0.0
2021-06-30 24:00:00,0.0,0.0,0.0,0.0
2021-07-01 01:00:00,0.0,0.0,0.0,0.0
2021-07-01 02:00:00,0.0,0.0,0.0,0.0
2021-07-01 03:00:00,0.0,0.0,0.0,0.0
2021-07-01 04:00:00,0.0,0.0,0.0,0.0
2021-07-01 05:00:00,0.0,0.0,0.0,0.0
2021-07-01 06:00:00,0.0,0.0,0.0,0.0
2021-07-01 07:00:00,0.0,0.0,0.0,0.0
2021-07-01 08:00:00,0.0,0.0,0.0,0.0
2021-07-01 09:00:00,0.0,0.0,0.0,0.0
2021-07-01 10:00:00,0.0,0.0,0.0,0.0
2021-07-01 11:00:00,0.0,0.0,0.0,0.0
2021-07-01 12:00:00,0.0,0.0,0.0,0.0
2021-07-01 13:00:00,0.0,0.0,0.0,0.0
2021-07-01 14:00:00,0.0,0.0,0.0,0.0
2021-07-01 15:00:00,0.0,0.0,0.0,0.0
2021-07-01 16:00:00,0.0,0.0,0.0,0.0
2021-07-01 17:00:00,0.0,0.0,0.0,0.0
2021-07-01 18:00:00,0.0,0.0,0.0,0.0
2021-07-01 19:00:00,0.0,0.0,0.0,0.0
2021-07-01 20:00:00,0.0,0.0,0.0,0.0
2021-07-01 21:00:00,0.0,0.0,0.0,0.0
2021-07-01 22:00:00,0.0,0.0,0.0,0.0
2021-07-01 23:00:00,0.0,0.0,0.0,0.0
2021-07-01 24:00:00,0.0,0.0,0.0,0.0
2021-07-02 01:00:00,0.0,0.0,0.0,0.0
2021-07-02 02:00:00,0.0,0.0,0.0,0.0
2021-07-02 03:00:00,0.0,0.0,0.0,0.0
2021-07-02 04:00:00,0.0,0.0,0.0,0.0
2021-07-02 05:00:00,0.0,0.0,0.0,0.0
2021-07-02 06:00:00,0.0,0.0,0.0,0.0
2021-07-02 07:00:00,0.0,0.0,0.0,0.0
2021-07-02 08:00:00,0.0,0.0,0.0,0.0
2021-07-02 09:00:00,0.0,0.0,0.0,0.0
2021-07-02 10:00:00,0.0,0.0,0.0,0.0
2021-07-02 11:00:00,0.0,0.0,0.0,0.0
2021-07-02 12:00:00,0.0,0.0,0.0,0.0
2021-07-02 13:00:00,0.0,0.0,0.0,0.0
2021-07-02 14:00:00,0.0,0.0,0.0,0.0
2021-07-02 15:00:00,0.0,0.0,0.0,0.0
2021-07-02 16:00:00,0.0,0.0,0.0,0.0
2021-07-02 17:00:00,0.0,0.0,0.0,0.0
2021-07-02 18:00:00,0.0,0.0,0.0,0.0
2021-07-02 19:00:00,0.0,0.0,0.0,0.0
2021-07-02 20:00:00,0.0,0.0,0.0,0.0
2021-07-02 21:00:00,0.0,0.0,0.0,0.0
2021-07-02 22:00:00,0.0,0.0,0.0,0.0
2021-07-02 23:00:00,0.0,0.0,0.0,0.0
2021-07-02 24:00:00,0.0,0.0,0.0,0.0
2021-07-03 01:00:00,0.0,0.0,0.0,0.0
2021-07-03 02:00:00,0.0,0.0,0.0,0.0
2021-07-03 03:00:00,0.0,0.0,0.0,0.0
2021-07-03 04:00:00,0.0,0.0,0.0,0.0
2021-07-03 05:00:00,0.0,0.0,0.0,0.0
2021-07-03 06:00:00,0.0,0.0,0.0,0.0
2021-07-03 07:00:00,0.0,0.0,0.0,0.0
2021-07-03 08:00:00,0.0,0.0,0.0,0.0
2021-07-03 09:00:00,0.0,0.0,0.0,0.0
2021-07-03 10:00:00,0.0,0.0,0.0,0.0
2021-07-03 11:00:00,0.0,0.0,0.0,0.0
2021-07-03 12:00:00,0.0,0.0,0.0,0.0
2021-07-03 13:00:00,0.0,0.0,0.0,0.0
2021-07-03 14:00:00,0.0,0.0,0.0,0.0
2021-07-03 15:00:00,0.0,0.0,0.0,0.0
2021-07-03 16:00:00,0.0,0.0,0.0,0.0
2021-07-03 17:00:00,0.0,0.0,0.0,0.0
2021-07-03 18:00:00,0.0,0.0,0.0,0.0
2021-07-03 19:00:00,0.0,0.0,0.0,0.0
2021-07-03 20:00:00,0.0,0.0,0.0,0.0
2021-07-03 21:00:00,0.0,0.0,0.0,0.0
2021-07-03 22:00:00,0.0,0.0,0.0,0.0
2021-07-03 23:00:00,0.0,0.0,0.0,0.0
2021-07-03 24:00:00,0.0,0.0,0.0,0.0
2021-07-04 01:00:00,0.0,0.0,0.0,0.0
2021-07-04 02:00:00,0.0,0.0,0.0,0.0
2021-07-04 03:00:00,0.0,0.0,0.0,0.0
2021-07-04 04:00:00,0.0,0.0,0.0,0.0
2021-07-04 05:00:00,0.0,0.0,0.0,0.0
2021-07-04 06:00:00,0.0,0.0,0.0,0.0
2021-07-04 07:00:00,0.0,0.0,0.0,0.0
2021-07-04 08:00:00,0.0,0.0,0.0,0.0
2021-07-04 09:00:00,0.0,0.0,0.0,0.0
2021-07-04 10:00:00,0.0,0.0,0.0,0.0
2021-07-04 11:00:00,0.0,0.0,0.0,0.0
2021-07-04 12:00:00,0.0,0.0,0.0,0.0
2021-07-04 13:00:00,0.0,0.0,0.0,0.0
2021-07-04 14:00:00,0.0,0.0,0.0,0.0
2021-07-04 15:00:00,0.0,0.0,0.0,0.0
2021-07-04 16:00:00,0.0,0.0,0.0,0.0
2021-07-04 17:00:00,0.0,0.0,0.0,0.0
2021-07-04 18:00:00,0.0,0.0,0.0,0.0
2021-07-04 19:00:00,0.0,0.0,0.0,0.0
2021-07-04 20:00:00,0.0,0.0,0.0,0.0
2021-07-04 21:00:00,0.0,0.0,0.0,0.0
2021-07-04 22:00:00,0.0,0.0,0.0,0.0
2021-07-04 23:00:00,0.0,0.0,0.0,0.0
2021-07-04 24:00:00,0.0,0.0,0.0,0.0
2021-07-05 01:00:00,0.0,0.0,0.0,0.0
2021-07-05 02:00:00,0.0,0.0,0.0,0.0
2021-07-05 03:00:00,0.0,0.0,0.0,0.0
2021-07-05 04:00:00,0.0,0.0,0.0,0.0
2021-07-05 05:00:00,0.0,0.0,0.0,0.0
2021-07-05 06:00:00,0.0,0.0,0.0,0.0
2021-07-05 07:00:00,0.0,0.0,0.0,0.0
2021-07-05 08:00:00,0.0,0.0,0.0,0.0
2021-07-05 09:00:00,0.0,0.0,0.0,0.0
2021-07-05 10:00:00,0.0,0.0,0.0,0.0
2021-07-05 11:00:00,0.0,0.0,0.0,0.0
2021-07-05 12:00:00,0.0,0.0,0.0,0.0
2021-07-05 13:00:00,0.0,0.0,0.0,0.0
2021-07-05 14:00:00,0.0,0.0,0.0,0.0
2021-07-05 15:00:00,0.0,0.0,0.0,0.0
2021-07-05 16:00:00,0.0,0.0,0.0,0.0
2021-07-05 17:00:00,0.0,0.0,0.0,0.0
2021-07-05 18:00:00,0.0,0.0,0.0,0.0
2021-07-05 19:00:00,0.0,0.0,0.0,0.0
2021-07-05 20:00:00,0.0,0.0,0.0,0.0
2021-07-05 21:00:00,0.0,0.0,0.0,0.0
2021-07-05 22:00:00,0.0,0.0,0.0,0.0
2021-07-05 23:00:00,0.0,0.0,0.0,0.0
2021-07-05 24:00:00,0.0,0.0,0.0,0.0
2021-07-06 01:00:00,0.0,0.0,0.0,0.0
2021-07-06 02:00:00,0.0,0.0,0.0,0.0
2021-07-06 03:00:00,0.0,0.0,0.0,0.0
2021-07-06 04:00:00,0.0,0.0,0.0,0.0
2021-07-06 05:00:00,0.0,0.0,0.0,0.0
2021-07-06 06:00:00,0.0,0.0,0.0,0.0
2021-07-06 07:00:00,0.0,0.0,0.0,0.0
2021-07-06 08:00:00,0.0,0.0,0.0,0.0
2021-07-06 09:00:00,0.0,0.0,0.0,0.0
2021-07-06 10:00:00,0.0,0.0,0.0,0.0
2021-07-06 11:00:00,0.0,0.0,0.0,0.0
2021-07-06 12:00:00,0.0,0.0,0.0,0.0
2021-07-06 13:00:00,0.0,0.0,0.0,0.0
2021-07-06 14:00:00,0.0,0.0,0.0,0.0
2021-07-06 15:00:00,0.0,0.0,0.0,0.0
2021-07-06 16:00:00,0.0,0.0,0.0,0.0
2021-07-06 17:00:00,0.0,0.0,0.0,0.0
2021-07-06 18:00:00,0.0,0.0,0.0,0.0
2021-07-06 19:00:00,0.0,0.0,0.0,0.0
2021-07-06 20:00:00,0.0,0.0,0.0,0.0
2021-07-06 21:00:00,0.0,0.0,0.0,0.0
2021-07-06 22:00:00,0.0,0.0,0.0,0.0
2021-07-06 23:00:00,0.0,0.0,0.0,0.0
2021-07-06 24:00:00,0.0,0.0,0.0,0.0
2021-07-07 01:00:00,0.0,0.0,0.0,0.0
2021-07-07 02:00:00,0.0,0.0,0.0,0.0
2021-07-07 03:00:00,0.0,0.0,0.0,0.0
2021-07-07 04:00:00,0.0,0.0,0.0,0.0
2021-07-07 05:00:00,0.0,0.0,0.0,0.0
2021-07-07 06:00:00,0.0,0.0,0.0,0.0
2021-07-07 07:00:00,0.0,0.0,0.0,0.0
2021-07-07 08:00:00,0.0,0.0,0.0,0.0
2021-07-07 09:00:00,0.0,0.0,0.0,0.0
2021-07-07 10:00:00,0.0,0.0,0.0,0.0
2021-07-07 11:00:00,0.0,0.0,0.0,0.0
2021-07-07 12:00:00,0.0,0.0,0.0,0.0
2021-07-07 13:00:00,0.0,0.0,0.0,0.0
2021-07-07 14:00:00,0.0,0.0,0.0,0.0
2021-07-07 15:00:00,0.0,0.0,0.0,0.0
2021-07-07 16:00:00,0.0,0.0,0.0,0.0
2021-07-07 17:00:00,0.0,0.0,0.0,0.0
2021-07-07 18:00:00,0.0,0.0,0.0,0.0
2021-07-07 19:00:00,0.0,0.0,0.0,0.0
2021-07-07 20:00:00,0.0,0.0,0.0,0.0
2021-07-07 21:00:00,0.0,0.0,0.0,0.0
2021-07-07 22:00:00,0.0,0.0,0.0,0.0
2021-07-07 23:00:00,0.0,0.0,0.0,0.0
2021-07-07 24:00:00,0.0,0.0,0.0,0.0
2021-07-08 01:00:00,0.0,0.0,0.0,0.0
2021-07-08 02:00:00,0.0,0.0,0.0,0.0
2021-07-08 03:00:00,0.0,0.0,0.0,0.0
2021-07-08 04:00:00,0.0,0.0,0.0,0.0
2021-07-08 05:00:00,0.0,0.0,0.0,0.0
2021-07-08 06:00:00,0.0,0.0,0.0,0.0
2021-07-08 07:00:00,0.0,0.0,0.0,0.0
2021-07-08 08:00:00,0.0,0.0,0.0,0.0
2021-07-08 09:00:00,0.0,0.0,0.0,0.0
2021-07-08 10:00:00,0.0,0.0,0.0,0.0
2021-07-08 11:00:00,0.0,0.0,0.0,0.0
2021-07-08 12:00:00,0.0,0.0,0.0,0.0
2021-07-08 13:00:00,0.0,0.0,0.0,0.0
2021-07-08 14:00:00,0.0,0.0,0.0,0.0
2021-07-08 15:00:00,0.0,0.0,0.0,0.0
2021-07-08 16:00:00,0.0,0.0,0.0,0.0
2021-07-08 17:00:00,0.0,0.0,0.0,0.0
2021-07-08 18:00:00,0.0,0.0,0.0,0.0
2021-07-08 19:00:00,0.0,0.0,0.0,0.0
2021-07-08 20:00:00,0.0,0.0,0.0,0.0
2021-07-08 21:00:00,0.0,0.0,0.0,0.0
2021-07-08 22:00:00,0.0,0.0,0.0,0.0
2021-07-08 23:00:00,0.0,0.0,0.0,0.0
2021-07-08 24:00:00,0.0,0.0,0.0,0.0
